2026-09-14 01:38:32.363 [main] ===== Live2D launch =====
2026-09-14 01:38:32.372 [main] Android=8.1.0 API=27 ABI=arm64-v8a device=OPPO CPH1803
2026-09-14 01:38:32.378 [main] Debug log path=/storage/emulated/0/Android/data/com.imnewcode.companion/files/debug/live2d_debug.log
2026-09-14 01:38:32.388 [main] [JAVA] Live2DView attached; debug log: /storage/emulated/0/Android/data/com.imnewcode.companion/files/debug/live2d_debug.log
2026-09-14 01:38:32.499 [main] [JAVA] Live2DView.start
2026-09-14 01:38:32.505 [main] [CSM][I]Live2D Cubism Core version: 06.00.0001 (100663297)

2026-09-14 01:38:32.514 [main] [CSM][I]CubismFramework::StartUp() is complete.

2026-09-14 01:38:32.519 [main] [LIFECYCLE] OnStart
2026-09-14 01:38:32.655 [main] [JAVA] Live2DView.resume
2026-09-14 01:38:32.821 [GLThread 21045] [JAVA/GL] renderer.onSurfaceCreated
2026-09-14 01:38:32.843 [GLThread 21045] [GL] surface created: version=OpenGL ES 3.2 V@269.0 (GIT@50c84eb, Ia11ce2d146) (Date:09/14/20) renderer=Adreno (TM) 506 vendor=Qualcomm
2026-09-14 01:38:32.849 [GLThread 21045] [CUBISM] initializing framework
2026-09-14 01:38:32.862 [GLThread 21045] [CSM][I]CubismFramework::Initialize() is complete.

2026-09-14 01:38:32.866 [GLThread 21045] [CUBISM] framework initialized
2026-09-14 01:38:32.870 [GLThread 21045] [JAVA/GL] renderer.onSurfaceChanged 720x1520
2026-09-14 01:38:32.875 [GLThread 21045] [GL] surface changed: 720x1520
2026-09-14 01:38:32.887 [GLThread 21045] [ASSET] list "" -> 41
2026-09-14 01:38:32.926 [GLThread 21045] [ASSET] entries: FragShaderSrc.frag, FragShaderSrcAlphaBlend.frag, FragShaderSrcBlend.frag, FragShaderSrcBlendTegra.frag, FragShaderSrcColorBlend.frag, FragShaderSrcCopy.frag, FragShaderSrcCopyTegra.frag, FragShaderSrcMask.frag, FragShaderSrcMaskBlend.frag, FragShaderSrcMaskBlendTegra.frag, FragShaderSrcMaskInverted.frag, FragShaderSrcMaskInvertedBlend.frag, FragShaderSrcMaskInvertedBlendTegra.frag, FragShaderSrcMaskInvertedPremultipliedAlpha.frag, FragShaderSrcMaskInvertedPremultipliedAlphaBlend.frag, FragShaderSrcMaskInvertedPremultipliedAlphaBlendTegra.frag, FragShaderSrcMaskInvertedPremultipliedAlphaTegra.frag, FragShaderSrcMaskInvertedTegra.frag, FragShaderSrcMaskPremultipliedAlpha.frag, FragShaderSrcMaskPremultipliedAlphaBlend.frag, FragShaderSrcMaskPremultipliedAlphaBlendTegra.frag, FragShaderSrcMaskPremultipliedAlphaTegra.frag, FragShaderSrcMaskTegra.frag, FragShaderSrcPremultipliedAlpha.frag, FragShaderSrcPremultipliedAlphaBlend.frag, FragShaderSrcPremultipliedAlphaBlendTegra.frag, FragShaderSrcPremultipliedAlphaTegra.frag, FragShaderSrcSetupMask.frag, FragShaderSrcSetupMaskTegra.frag, FragShaderSrcTegra.frag, VertShaderSrc.vert, VertShaderSrcBlend.vert, VertShaderSrcCopy.vert, VertShaderSrcMasked.vert, VertShaderSrcMaskedBlend.vert, VertShaderSrcSetupMask.vert, images, koharu, model, oppo_selinux_policy.xml, webkit
2026-09-14 01:38:32.934 [GLThread 21045] [ASSET] list "FragShaderSrc.frag" -> 0
2026-09-14 01:38:32.941 [GLThread 21045] [ASSET] list "FragShaderSrcAlphaBlend.frag" -> 0
2026-09-14 01:38:32.947 [GLThread 21045] [ASSET] list "FragShaderSrcBlend.frag" -> 0
2026-09-14 01:38:32.954 [GLThread 21045] [ASSET] list "FragShaderSrcBlendTegra.frag" -> 0
2026-09-14 01:38:32.961 [GLThread 21045] [ASSET] list "FragShaderSrcColorBlend.frag" -> 0
2026-09-14 01:38:32.968 [GLThread 21045] [ASSET] list "FragShaderSrcCopy.frag" -> 0
2026-09-14 01:38:32.975 [GLThread 21045] [ASSET] list "FragShaderSrcCopyTegra.frag" -> 0
2026-09-14 01:38:32.982 [GLThread 21045] [ASSET] list "FragShaderSrcMask.frag" -> 0
2026-09-14 01:38:32.988 [GLThread 21045] [ASSET] list "FragShaderSrcMaskBlend.frag" -> 0
2026-09-14 01:38:32.994 [GLThread 21045] [ASSET] list "FragShaderSrcMaskBlendTegra.frag" -> 0
2026-09-14 01:38:33.001 [GLThread 21045] [ASSET] list "FragShaderSrcMaskInverted.frag" -> 0
2026-09-14 01:38:33.006 [GLThread 21045] [ASSET] list "FragShaderSrcMaskInvertedBlend.frag" -> 0
2026-09-14 01:38:33.013 [GLThread 21045] [ASSET] list "FragShaderSrcMaskInvertedBlendTegra.frag" -> 0
2026-09-14 01:38:33.018 [GLThread 21045] [ASSET] list "FragShaderSrcMaskInvertedPremultipliedAlpha.frag" -> 0
2026-09-14 01:38:33.022 [GLThread 21045] [ASSET] list "FragShaderSrcMaskInvertedPremultipliedAlphaBlend.frag" -> 0
2026-09-14 01:38:33.027 [GLThread 21045] [ASSET] list "FragShaderSrcMaskInvertedPremultipliedAlphaBlendTegra.frag" -> 0
2026-09-14 01:38:33.033 [GLThread 21045] [ASSET] list "FragShaderSrcMaskInvertedPremultipliedAlphaTegra.frag" -> 0
2026-09-14 01:38:33.038 [GLThread 21045] [ASSET] list "FragShaderSrcMaskInvertedTegra.frag" -> 0
2026-09-14 01:38:33.044 [GLThread 21045] [ASSET] list "FragShaderSrcMaskPremultipliedAlpha.frag" -> 0
2026-09-14 01:38:33.049 [GLThread 21045] [ASSET] list "FragShaderSrcMaskPremultipliedAlphaBlend.frag" -> 0
2026-09-14 01:38:33.054 [GLThread 21045] [ASSET] list "FragShaderSrcMaskPremultipliedAlphaBlendTegra.frag" -> 0
2026-09-14 01:38:33.060 [GLThread 21045] [ASSET] list "FragShaderSrcMaskPremultipliedAlphaTegra.frag" -> 0
2026-09-14 01:38:33.068 [GLThread 21045] [ASSET] list "FragShaderSrcMaskTegra.frag" -> 0
2026-09-14 01:38:33.074 [GLThread 21045] [ASSET] list "FragShaderSrcPremultipliedAlpha.frag" -> 0
2026-09-14 01:38:33.081 [GLThread 21045] [ASSET] list "FragShaderSrcPremultipliedAlphaBlend.frag" -> 0
2026-09-14 01:38:33.087 [GLThread 21045] [ASSET] list "FragShaderSrcPremultipliedAlphaBlendTegra.frag" -> 0
2026-09-14 01:38:33.093 [GLThread 21045] [ASSET] list "FragShaderSrcPremultipliedAlphaTegra.frag" -> 0
2026-09-14 01:38:33.100 [GLThread 21045] [ASSET] list "FragShaderSrcSetupMask.frag" -> 0
2026-09-14 01:38:33.106 [GLThread 21045] [ASSET] list "FragShaderSrcSetupMaskTegra.frag" -> 0
2026-09-14 01:38:33.113 [GLThread 21045] [ASSET] list "FragShaderSrcTegra.frag" -> 0
2026-09-14 01:38:33.119 [GLThread 21045] [ASSET] list "VertShaderSrc.vert" -> 0
2026-09-14 01:38:33.126 [GLThread 21045] [ASSET] list "VertShaderSrcBlend.vert" -> 0
2026-09-14 01:38:33.133 [GLThread 21045] [ASSET] list "VertShaderSrcCopy.vert" -> 0
2026-09-14 01:38:33.140 [GLThread 21045] [ASSET] list "VertShaderSrcMasked.vert" -> 0
2026-09-14 01:38:33.146 [GLThread 21045] [ASSET] list "VertShaderSrcMaskedBlend.vert" -> 0
2026-09-14 01:38:33.153 [GLThread 21045] [ASSET] list "VertShaderSrcSetupMask.vert" -> 0
2026-09-14 01:38:33.159 [GLThread 21045] [ASSET] list "images" -> 3
2026-09-14 01:38:33.164 [GLThread 21045] [ASSET] entries: android-logo-mask.png, android-logo-shine.png, clock_font.png
2026-09-14 01:38:33.170 [GLThread 21045] [ASSET] list "koharu" -> 7
2026-09-14 01:38:33.175 [GLThread 21045] [ASSET] entries: LICENSE_NOTICE.txt, koharu.2048, koharu.cdi3.json, koharu.moc3, koharu.model3.json, koharu.physics3.json, motion
2026-09-14 01:38:33.182 [GLThread 21045] [ASSET] list "model" -> 2
2026-09-14 01:38:33.187 [GLThread 21045] [ASSET] entries: rollscene.md2, rollscene_music.md2
2026-09-14 01:38:33.194 [GLThread 21045] [ASSET] list "oppo_selinux_policy.xml" -> 0
2026-09-14 01:38:33.200 [GLThread 21045] [ASSET] list "webkit" -> 1
2026-09-14 01:38:33.205 [GLThread 21045] [ASSET] entries: android-weberror.png
2026-09-14 01:38:33.210 [GLThread 21045] [MODEL] discovered 1 model directory(ies)
2026-09-14 01:38:33.215 [GLThread 21045] [MODEL] candidate[0]=koharu
2026-09-14 01:38:33.220 [GLThread 21045] [APP]model index: 0
2026-09-14 01:38:33.225 [GLThread 21045] [MODEL] loading koharu/koharu.model3.json
2026-09-14 01:38:33.229 [GLThread 21045] [APP]load model setting: koharu.model3.json
2026-09-14 01:38:33.235 [GLThread 21045] [APP]create buffer: koharu/koharu.model3.json 
2026-09-14 01:38:33.245 [GLThread 21045] [ASSET] loaded koharu/koharu.model3.json (922 bytes)
2026-09-14 01:38:33.252 [GLThread 21045] [APP]delete buffer: koharu/koharu.model3.json
2026-09-14 01:38:33.257 [GLThread 21045] [APP]create model: koharu.moc3
2026-09-14 01:38:33.261 [GLThread 21045] [APP]create buffer: koharu/koharu.moc3 
2026-09-14 01:38:33.271 [GLThread 21045] [ASSET] loaded koharu/koharu.moc3 (281472 bytes)
2026-09-14 01:38:33.280 [GLThread 21045] [APP]delete buffer: koharu/koharu.moc3
2026-09-14 01:38:33.284 [GLThread 21045] [APP]create buffer: koharu/koharu.physics3.json 
2026-09-14 01:38:33.288 [GLThread 21045] [ASSET] loaded koharu/koharu.physics3.json (7129 bytes)
2026-09-14 01:38:33.295 [GLThread 21045] [APP]delete buffer: koharu/koharu.physics3.json
2026-09-14 01:38:33.299 [GLThread 21045] [APP]load motion: koharu/motion/01.motion3.json => [Tap_0] 
2026-09-14 01:38:33.303 [GLThread 21045] [APP]create buffer: koharu/motion/01.motion3.json 
2026-09-14 01:38:33.307 [GLThread 21045] [ASSET] loaded koharu/motion/01.motion3.json (12205 bytes)
2026-09-14 01:38:33.316 [GLThread 21045] [APP]delete buffer: koharu/motion/01.motion3.json
2026-09-14 01:38:33.320 [GLThread 21045] [APP]load motion: koharu/motion/02.motion3.json => [Tap_1] 
2026-09-14 01:38:33.324 [GLThread 21045] [APP]create buffer: koharu/motion/02.motion3.json 
2026-09-14 01:38:33.329 [GLThread 21045] [ASSET] loaded koharu/motion/02.motion3.json (10380 bytes)
2026-09-14 01:38:33.336 [GLThread 21045] [APP]delete buffer: koharu/motion/02.motion3.json
2026-09-14 01:38:33.340 [GLThread 21045] [APP]load motion: koharu/motion/03.motion3.json => [Tap_2] 
2026-09-14 01:38:33.344 [GLThread 21045] [APP]create buffer: koharu/motion/03.motion3.json 
2026-09-14 01:38:33.348 [GLThread 21045] [ASSET] loaded koharu/motion/03.motion3.json (10170 bytes)
2026-09-14 01:38:33.356 [GLThread 21045] [APP]delete buffer: koharu/motion/03.motion3.json
2026-09-14 01:38:33.359 [GLThread 21045] [APP]load motion: koharu/motion/05.motion3.json => [Tap_3] 
2026-09-14 01:38:33.363 [GLThread 21045] [APP]create buffer: koharu/motion/05.motion3.json 
2026-09-14 01:38:33.367 [GLThread 21045] [ASSET] loaded koharu/motion/05.motion3.json (10184 bytes)
2026-09-14 01:38:33.375 [GLThread 21045] [APP]delete buffer: koharu/motion/05.motion3.json
2026-09-14 01:38:33.378 [GLThread 21045] [APP]load motion: koharu/motion/04.motion3.json => [FlickLeft_0] 
2026-09-14 01:38:33.382 [GLThread 21045] [APP]create buffer: koharu/motion/04.motion3.json 
2026-09-14 01:38:33.386 [GLThread 21045] [ASSET] loaded koharu/motion/04.motion3.json (9919 bytes)
2026-09-14 01:38:33.393 [GLThread 21045] [APP]delete buffer: koharu/motion/04.motion3.json
2026-09-14 01:38:33.396 [GLThread 21045] [APP]load motion: koharu/motion/06.motion3.json => [Idle_0] 
2026-09-14 01:38:33.399 [GLThread 21045] [APP]create buffer: koharu/motion/06.motion3.json 
2026-09-14 01:38:33.404 [GLThread 21045] [ASSET] loaded koharu/motion/06.motion3.json (15601 bytes)
2026-09-14 01:38:33.413 [GLThread 21045] [APP]delete buffer: koharu/motion/06.motion3.json
2026-09-14 01:38:33.417 [GLThread 21045] [APP]load motion: koharu/motion/idle.motion3.json => [Idle_1] 
2026-09-14 01:38:33.420 [GLThread 21045] [APP]create buffer: koharu/motion/idle.motion3.json 
2026-09-14 01:38:33.425 [GLThread 21045] [ASSET] loaded koharu/motion/idle.motion3.json (11908 bytes)
2026-09-14 01:38:33.434 [GLThread 21045] [APP]delete buffer: koharu/motion/idle.motion3.json
2026-09-14 01:38:33.438 [GLThread 21045] [APP]load motion: koharu/motion/idle_02.motion3.json => [Idle_2] 
2026-09-14 01:38:33.443 [GLThread 21045] [APP]create buffer: koharu/motion/idle_02.motion3.json 
2026-09-14 01:38:33.447 [GLThread 21045] [ASSET] loaded koharu/motion/idle_02.motion3.json (11908 bytes)
2026-09-14 01:38:33.455 [GLThread 21045] [APP]delete buffer: koharu/motion/idle_02.motion3.json
2026-09-14 01:38:33.500 [GLThread 21045] [APP]load motion: koharu/motion/07.motion3.json => [FlickUp_0] 
2026-09-14 01:38:33.507 [GLThread 21045] [APP]create buffer: koharu/motion/07.motion3.json 
2026-09-14 01:38:33.518 [GLThread 21045] [ASSET] loaded koharu/motion/07.motion3.json (11489 bytes)
2026-09-14 01:38:33.530 [GLThread 21045] [APP]delete buffer: koharu/motion/07.motion3.json
2026-09-14 01:38:33.536 [GLThread 21045] [APP]load motion: koharu/motion/08.motion3.json => [FlickDown_0] 
2026-09-14 01:38:33.542 [GLThread 21045] [APP]create buffer: koharu/motion/08.motion3.json 
2026-09-14 01:38:33.550 [GLThread 21045] [ASSET] loaded koharu/motion/08.motion3.json (9476 bytes)
2026-09-14 01:38:33.562 [GLThread 21045] [APP]delete buffer: koharu/motion/08.motion3.json
2026-09-14 01:38:33.567 [GLThread 21045] [APP]load motion: koharu/motion/09.motion3.json => [FlickRight_0] 
2026-09-14 01:38:33.576 [GLThread 21045] [APP]create buffer: koharu/motion/09.motion3.json 
2026-09-14 01:38:33.583 [GLThread 21045] [ASSET] loaded koharu/motion/09.motion3.json (12432 bytes)
2026-09-14 01:38:33.595 [GLThread 21045] [APP]delete buffer: koharu/motion/09.motion3.json
2026-09-14 01:38:33.600 [GLThread 21045] [ASSET] loaded VertShaderSrcCopy.vert (405 bytes)
2026-09-14 01:38:33.609 [GLThread 21045] [ASSET] loaded FragShaderSrcCopy.frag (440 bytes)
2026-09-14 01:38:33.765 [GLThread 21045] [ASSET] loaded VertShaderSrcSetupMask.vert (549 bytes)
2026-09-14 01:38:33.773 [GLThread 21045] [ASSET] loaded FragShaderSrcSetupMask.frag (730 bytes)
2026-09-14 01:38:33.806 [GLThread 21045] [ASSET] loaded VertShaderSrc.vert (517 bytes)
2026-09-14 01:38:33.813 [GLThread 21045] [ASSET] loaded FragShaderSrc.frag (764 bytes)
2026-09-14 01:38:33.840 [GLThread 21045] [ASSET] loaded VertShaderSrcMasked.vert (572 bytes)
2026-09-14 01:38:33.845 [GLThread 21045] [ASSET] loaded FragShaderSrcMask.frag (1054 bytes)
2026-09-14 01:38:33.878 [GLThread 21045] [ASSET] loaded VertShaderSrcMasked.vert (572 bytes)
2026-09-14 01:38:33.883 [GLThread 21045] [ASSET] loaded FragShaderSrcMaskInverted.frag (1062 bytes)
2026-09-14 01:38:33.911 [GLThread 21045] [ASSET] loaded VertShaderSrc.vert (517 bytes)
2026-09-14 01:38:33.915 [GLThread 21045] [ASSET] loaded FragShaderSrcPremultipliedAlpha.frag (726 bytes)
2026-09-14 01:38:33.938 [GLThread 21045] [ASSET] loaded VertShaderSrcMasked.vert (572 bytes)
2026-09-14 01:38:33.942 [GLThread 21045] [ASSET] loaded FragShaderSrcMaskPremultipliedAlpha.frag (1013 bytes)
2026-09-14 01:38:33.973 [GLThread 21045] [ASSET] loaded VertShaderSrcMasked.vert (572 bytes)
2026-09-14 01:38:33.978 [GLThread 21045] [ASSET] loaded FragShaderSrcMaskInvertedPremultipliedAlpha.frag (1021 bytes)
2026-09-14 01:38:34.007 [GLThread 21045] [ASSET] loaded VertShaderSrcBlend.vert (633 bytes)
2026-09-14 01:38:34.012 [GLThread 21045] [ASSET] loaded FragShaderSrcBlend.frag (1170 bytes)
2026-09-14 01:38:34.016 [GLThread 21045] [ASSET] loaded FragShaderSrcColorBlend.frag (7737 bytes)
2026-09-14 01:38:34.020 [GLThread 21045] [ASSET] loaded FragShaderSrcAlphaBlend.frag (2320 bytes)
2026-09-14 01:38:34.059 [GLThread 21045] [ASSET] loaded VertShaderSrcMaskedBlend.vert (688 bytes)
2026-09-14 01:38:34.063 [GLThread 21045] [ASSET] loaded FragShaderSrcMaskBlend.frag (1450 bytes)
2026-09-14 01:38:34.067 [GLThread 21045] [ASSET] loaded FragShaderSrcColorBlend.frag (7737 bytes)
2026-09-14 01:38:34.072 [GLThread 21045] [ASSET] loaded FragShaderSrcAlphaBlend.frag (2320 bytes)
2026-09-14 01:38:34.120 [GLThread 21045] [ASSET] loaded VertShaderSrcMaskedBlend.vert (688 bytes)
2026-09-14 01:38:34.125 [GLThread 21045] [ASSET] loaded FragShaderSrcMaskInvertedBlend.frag (1458 bytes)
2026-09-14 01:38:34.130 [GLThread 21045] [ASSET] loaded FragShaderSrcColorBlend.frag (7737 bytes)
2026-09-14 01:38:34.135 [GLThread 21045] [ASSET] loaded FragShaderSrcAlphaBlend.frag (2320 bytes)
2026-09-14 01:38:34.178 [GLThread 21045] [ASSET] loaded VertShaderSrcBlend.vert (633 bytes)
2026-09-14 01:38:34.182 [GLThread 21045] [ASSET] loaded FragShaderSrcPremultipliedAlphaBlend.frag (1216 bytes)
2026-09-14 01:38:34.187 [GLThread 21045] [ASSET] loaded FragShaderSrcColorBlend.frag (7737 bytes)
2026-09-14 01:38:34.191 [GLThread 21045] [ASSET] loaded FragShaderSrcAlphaBlend.frag (2320 bytes)
2026-09-14 01:38:34.227 [GLThread 21045] [ASSET] loaded VertShaderSrcMaskedBlend.vert (688 bytes)
2026-09-14 01:38:34.231 [GLThread 21045] [ASSET] loaded FragShaderSrcMaskPremultipliedAlphaBlend.frag (1497 bytes)
2026-09-14 01:38:34.236 [GLThread 21045] [ASSET] loaded FragShaderSrcColorBlend.frag (7737 bytes)
2026-09-14 01:38:34.240 [GLThread 21045] [ASSET] loaded FragShaderSrcAlphaBlend.frag (2320 bytes)
2026-09-14 01:38:34.286 [GLThread 21045] [ASSET] loaded VertShaderSrcMaskedBlend.vert (688 bytes)
2026-09-14 01:38:34.290 [GLThread 21045] [ASSET] loaded FragShaderSrcMaskInvertedPremultipliedAlphaBlend.frag (1505 bytes)
2026-09-14 01:38:34.296 [GLThread 21045] [ASSET] loaded FragShaderSrcColorBlend.frag (7737 bytes)
2026-09-14 01:38:34.300 [GLThread 21045] [ASSET] loaded FragShaderSrcAlphaBlend.frag (2320 bytes)
2026-09-14 01:38:34.345 [GLThread 21045] [ASSET] loaded VertShaderSrcBlend.vert (633 bytes)
2026-09-14 01:38:34.349 [GLThread 21045] [ASSET] loaded FragShaderSrcBlend.frag (1170 bytes)
2026-09-14 01:38:34.353 [GLThread 21045] [ASSET] loaded FragShaderSrcColorBlend.frag (7737 bytes)
2026-09-14 01:38:34.358 [GLThread 21045] [ASSET] loaded FragShaderSrcAlphaBlend.frag (2320 bytes)
2026-09-14 01:38:34.392 [GLThread 21045] [ASSET] loaded VertShaderSrcMaskedBlend.vert (688 bytes)
2026-09-14 01:38:34.396 [GLThread 21045] [ASSET] loaded FragShaderSrcMaskBlend.frag (1450 bytes)
2026-09-14 01:38:34.401 [GLThread 21045] [ASSET] loaded FragShaderSrcColorBlend.frag (7737 bytes)
2026-09-14 01:38:34.405 [GLThread 21045] [ASSET] loaded FragShaderSrcAlphaBlend.frag (2320 bytes)
2026-09-14 01:38:34.448 [GLThread 21045] [ASSET] loaded VertShaderSrcMaskedBlend.vert (688 bytes)
2026-09-14 01:38:34.454 [GLThread 21045] [ASSET] loaded FragShaderSrcMaskInvertedBlend.frag (1458 bytes)
2026-09-14 01:38:34.459 [GLThread 21045] [ASSET] loaded FragShaderSrcColorBlend.frag (7737 bytes)
2026-09-14 01:38:34.463 [GLThread 21045] [ASSET] loaded FragShaderSrcAlphaBlend.frag (2320 bytes)
2026-09-14 01:38:34.507 [GLThread 21045] [ASSET] loaded VertShaderSrcBlend.vert (633 bytes)
2026-09-14 01:38:34.512 [GLThread 21045] [ASSET] loaded FragShaderSrcPremultipliedAlphaBlend.frag (1216 bytes)
2026-09-14 01:38:34.516 [GLThread 21045] [ASSET] loaded FragShaderSrcColorBlend.frag (7737 bytes)
2026-09-14 01:38:34.521 [GLThread 21045] [ASSET] loaded FragShaderSrcAlphaBlend.frag (2320 bytes)
2026-09-14 01:38:34.556 [GLThread 21045] [ASSET] loaded VertShaderSrcMaskedBlend.vert (688 bytes)
2026-09-14 01:38:34.562 [GLThread 21045] [ASSET] loaded FragShaderSrcMaskPremultipliedAlphaBlend.frag (1497 bytes)
2026-09-14 01:38:34.567 [GLThread 21045] [ASSET] loaded FragShaderSrcColorBlend.frag (7737 bytes)
2026-09-14 01:38:34.572 [GLThread 21045] [ASSET] loaded FragShaderSrcAlphaBlend.frag (2320 bytes)
2026-09-14 01:38:34.617 [GLThread 21045] [ASSET] loaded VertShaderSrcMaskedBlend.vert (688 bytes)
2026-09-14 01:38:34.621 [GLThread 21045] [ASSET] loaded FragShaderSrcMaskInvertedPremultipliedAlphaBlend.frag (1505 bytes)
2026-09-14 01:38:34.626 [GLThread 21045] [ASSET] loaded FragShaderSrcColorBlend.frag (7737 bytes)
2026-09-14 01:38:34.630 [GLThread 21045] [ASSET] loaded FragShaderSrcAlphaBlend.frag (2320 bytes)
2026-09-14 01:38:34.676 [GLThread 21045] [ASSET] loaded VertShaderSrcBlend.vert (633 bytes)
2026-09-14 01:38:34.681 [GLThread 21045] [ASSET] loaded FragShaderSrcBlend.frag (1170 bytes)
2026-09-14 01:38:34.685 [GLThread 21045] [ASSET] loaded FragShaderSrcColorBlend.frag (7737 bytes)
2026-09-14 01:38:34.690 [GLThread 21045] [ASSET] loaded FragShaderSrcAlphaBlend.frag (2320 bytes)
2026-09-14 01:38:34.723 [GLThread 21045] [ASSET] loaded VertShaderSrcMaskedBlend.vert (688 bytes)
2026-09-14 01:38:34.727 [GLThread 21045] [ASSET] loaded FragShaderSrcMaskBlend.frag (1450 bytes)
2026-09-14 01:38:34.732 [GLThread 21045] [ASSET] loaded FragShaderSrcColorBlend.frag (7737 bytes)
2026-09-14 01:38:34.737 [GLThread 21045] [ASSET] loaded FragShaderSrcAlphaBlend.frag (2320 bytes)
2026-09-14 01:38:34.784 [GLThread 21045] [ASSET] loaded VertShaderSrcMaskedBlend.vert (688 bytes)
2026-09-14 01:38:34.788 [GLThread 21045] [ASSET] loaded FragShaderSrcMaskInvertedBlend.frag (1458 bytes)
2026-09-14 01:38:34.793 [GLThread 21045] [ASSET] loaded FragShaderSrcColorBlend.frag (7737 bytes)
2026-09-14 01:38:34.797 [GLThread 21045] [ASSET] loaded FragShaderSrcAlphaBlend.frag (2320 bytes)
2026-09-14 01:38:34.840 [GLThread 21045] [ASSET] loaded VertShaderSrcBlend.vert (633 bytes)
2026-09-14 01:38:34.845 [GLThread 21045] [ASSET] loaded FragShaderSrcPremultipliedAlphaBlend.frag (1216 bytes)
2026-09-14 01:38:34.849 [GLThread 21045] [ASSET] loaded FragShaderSrcColorBlend.frag (7737 bytes)
2026-09-14 01:38:34.854 [GLThread 21045] [ASSET] loaded FragShaderSrcAlphaBlend.frag (2320 bytes)
2026-09-14 01:38:34.888 [GLThread 21045] [ASSET] loaded VertShaderSrcMaskedBlend.vert (688 bytes)
2026-09-14 01:38:34.892 [GLThread 21045] [ASSET] loaded FragShaderSrcMaskPremultipliedAlphaBlend.frag (1497 bytes)
2026-09-14 01:38:34.897 [GLThread 21045] [ASSET] loaded FragShaderSrcColorBlend.frag (7737 bytes)
2026-09-14 01:38:34.901 [GLThread 21045] [ASSET] loaded FragShaderSrcAlphaBlend.frag (2320 bytes)
2026-09-14 01:38:34.946 [GLThread 21045] [ASSET] loaded VertShaderSrcMaskedBlend.vert (688 bytes)
2026-09-14 01:38:34.950 [GLThread 21045] [ASSET] loaded FragShaderSrcMaskInvertedPremultipliedAlphaBlend.frag (1505 bytes)
2026-09-14 01:38:34.955 [GLThread 21045] [ASSET] loaded FragShaderSrcColorBlend.frag (7737 bytes)
2026-09-14 01:38:34.959 [GLThread 21045] [ASSET] loaded FragShaderSrcAlphaBlend.frag (2320 bytes)
2026-09-14 01:38:35.001 [GLThread 21045] [ASSET] loaded VertShaderSrcBlend.vert (633 bytes)
2026-09-14 01:38:35.005 [GLThread 21045] [ASSET] loaded FragShaderSrcBlend.frag (1170 bytes)
2026-09-14 01:38:35.009 [GLThread 21045] [ASSET] loaded FragShaderSrcColorBlend.frag (7737 bytes)
2026-09-14 01:38:35.013 [GLThread 21045] [ASSET] loaded FragShaderSrcAlphaBlend.frag (2320 bytes)
2026-09-14 01:38:35.044 [GLThread 21045] [ASSET] loaded VertShaderSrcMaskedBlend.vert (688 bytes)
2026-09-14 01:38:35.048 [GLThread 21045] [ASSET] loaded FragShaderSrcMaskBlend.frag (1450 bytes)
2026-09-14 01:38:35.052 [GLThread 21045] [ASSET] loaded FragShaderSrcColorBlend.frag (7737 bytes)
2026-09-14 01:38:35.056 [GLThread 21045] [ASSET] loaded FragShaderSrcAlphaBlend.frag (2320 bytes)
2026-09-14 01:38:35.100 [GLThread 21045] [ASSET] loaded VertShaderSrcMaskedBlend.vert (688 bytes)
2026-09-14 01:38:35.105 [GLThread 21045] [ASSET] loaded FragShaderSrcMaskInvertedBlend.frag (1458 bytes)
2026-09-14 01:38:35.111 [GLThread 21045] [ASSET] loaded FragShaderSrcColorBlend.frag (7737 bytes)
2026-09-14 01:38:35.116 [GLThread 21045] [ASSET] loaded FragShaderSrcAlphaBlend.frag (2320 bytes)
2026-09-14 01:38:35.163 [GLThread 21045] [ASSET] loaded VertShaderSrcBlend.vert (633 bytes)
2026-09-14 01:38:35.167 [GLThread 21045] [ASSET] loaded FragShaderSrcPremultipliedAlphaBlend.frag (1216 bytes)
2026-09-14 01:38:35.171 [GLThread 21045] [ASSET] loaded FragShaderSrcColorBlend.frag (7737 bytes)
2026-09-14 01:38:35.176 [GLThread 21045] [ASSET] loaded FragShaderSrcAlphaBlend.frag (2320 bytes)
2026-09-14 01:38:35.214 [GLThread 21045] [ASSET] loaded VertShaderSrcMaskedBlend.vert (688 bytes)
2026-09-14 01:38:35.218 [GLThread 21045] [ASSET] loaded FragShaderSrcMaskPremultipliedAlphaBlend.frag (1497 bytes)
2026-09-14 01:38:35.223 [GLThread 21045] [ASSET] loaded FragShaderSrcColorBlend.frag (7737 bytes)
2026-09-14 01:38:35.228 [GLThread 21045] [ASSET] loaded FragShaderSrcAlphaBlend.frag (2320 bytes)
2026-09-14 01:38:35.277 [GLThread 21045] [ASSET] loaded VertShaderSrcMaskedBlend.vert (688 bytes)
2026-09-14 01:38:35.282 [GLThread 21045] [ASSET] loaded FragShaderSrcMaskInvertedPremultipliedAlphaBlend.frag (1505 bytes)
2026-09-14 01:38:35.286 [GLThread 21045] [ASSET] loaded FragShaderSrcColorBlend.frag (7737 bytes)
2026-09-14 01:38:35.290 [GLThread 21045] [ASSET] loaded FragShaderSrcAlphaBlend.frag (2320 bytes)
2026-09-14 01:38:35.339 [GLThread 21045] [ASSET] loaded VertShaderSrcBlend.vert (633 bytes)
2026-09-14 01:38:35.344 [GLThread 21045] [ASSET] loaded FragShaderSrcBlend.frag (1170 bytes)
2026-09-14 01:38:35.348 [GLThread 21045] [ASSET] loaded FragShaderSrcColorBlend.frag (7737 bytes)
2026-09-14 01:38:35.353 [GLThread 21045] [ASSET] loaded FragShaderSrcAlphaBlend.frag (2320 bytes)
2026-09-14 01:38:35.388 [GLThread 21045] [ASSET] loaded VertShaderSrcMaskedBlend.vert (688 bytes)
2026-09-14 01:38:35.393 [GLThread 21045] [ASSET] loaded FragShaderSrcMaskBlend.frag (1450 bytes)
2026-09-14 01:38:35.398 [GLThread 21045] [ASSET] loaded FragShaderSrcColorBlend.frag (7737 bytes)
2026-09-14 01:38:35.403 [GLThread 21045] [ASSET] loaded FragShaderSrcAlphaBlend.frag (2320 bytes)
2026-09-14 01:38:35.452 [GLThread 21045] [ASSET] loaded VertShaderSrcMaskedBlend.vert (688 bytes)
2026-09-14 01:38:35.456 [GLThread 21045] [ASSET] loaded FragShaderSrcMaskInvertedBlend.frag (1458 bytes)
2026-09-14 01:38:35.461 [GLThread 21045] [ASSET] loaded FragShaderSrcColorBlend.frag (7737 bytes)
2026-09-14 01:38:35.465 [GLThread 21045] [ASSET] loaded FragShaderSrcAlphaBlend.frag (2320 bytes)
2026-09-14 01:38:35.509 [GLThread 21045] [ASSET] loaded VertShaderSrcBlend.vert (633 bytes)
2026-09-14 01:38:35.514 [GLThread 21045] [ASSET] loaded FragShaderSrcPremultipliedAlphaBlend.frag (1216 bytes)
2026-09-14 01:38:35.519 [GLThread 21045] [ASSET] loaded FragShaderSrcColorBlend.frag (7737 bytes)
2026-09-14 01:38:35.524 [GLThread 21045] [ASSET] loaded FragShaderSrcAlphaBlend.frag (2320 bytes)
2026-09-14 01:38:35.563 [GLThread 21045] [ASSET] loaded VertShaderSrcMaskedBlend.vert (688 bytes)
2026-09-14 01:38:35.569 [GLThread 21045] [ASSET] loaded FragShaderSrcMaskPremultipliedAlphaBlend.frag (1497 bytes)
2026-09-14 01:38:35.573 [GLThread 21045] [ASSET] loaded FragShaderSrcColorBlend.frag (7737 bytes)
2026-09-14 01:38:35.577 [GLThread 21045] [ASSET] loaded FragShaderSrcAlphaBlend.frag (2320 bytes)
2026-09-14 01:38:35.628 [GLThread 21045] [ASSET] loaded VertShaderSrcMaskedBlend.vert (688 bytes)
2026-09-14 01:38:35.632 [GLThread 21045] [ASSET] loaded FragShaderSrcMaskInvertedPremultipliedAlphaBlend.frag (1505 bytes)
2026-09-14 01:38:35.636 [GLThread 21045] [ASSET] loaded FragShaderSrcColorBlend.frag (7737 bytes)
2026-09-14 01:38:35.640 [GLThread 21045] [ASSET] loaded FragShaderSrcAlphaBlend.frag (2320 bytes)
2026-09-14 01:38:35.689 [GLThread 21045] [ASSET] loaded VertShaderSrcBlend.vert (633 bytes)
2026-09-14 01:38:35.694 [GLThread 21045] [ASSET] loaded FragShaderSrcBlend.frag (1170 bytes)
2026-09-14 01:38:35.699 [GLThread 21045] [ASSET] loaded FragShaderSrcColorBlend.frag (7737 bytes)
2026-09-14 01:38:35.707 [GLThread 21045] [ASSET] loaded FragShaderSrcAlphaBlend.frag (2320 bytes)
2026-09-14 01:38:35.799 [GLThread 21045] [ASSET] loaded VertShaderSrcMaskedBlend.vert (688 bytes)
2026-09-14 01:38:35.811 [GLThread 21045] [ASSET] loaded FragShaderSrcMaskBlend.frag (1450 bytes)
2026-09-14 01:38:35.815 [GLThread 21045] [ASSET] loaded FragShaderSrcColorBlend.frag (7737 bytes)
2026-09-14 01:38:35.819 [GLThread 21045] [ASSET] loaded FragShaderSrcAlphaBlend.frag (2320 bytes)
2026-09-14 01:38:35.882 [GLThread 21045] [ASSET] loaded VertShaderSrcMaskedBlend.vert (688 bytes)
2026-09-14 01:38:35.886 [GLThread 21045] [ASSET] loaded FragShaderSrcMaskInvertedBlend.frag (1458 bytes)
2026-09-14 01:38:35.890 [GLThread 21045] [ASSET] loaded FragShaderSrcColorBlend.frag (7737 bytes)
2026-09-14 01:38:35.894 [GLThread 21045] [ASSET] loaded FragShaderSrcAlphaBlend.frag (2320 bytes)
2026-09-14 01:38:35.942 [GLThread 21045] [ASSET] loaded VertShaderSrcBlend.vert (633 bytes)
2026-09-14 01:38:35.946 [GLThread 21045] [ASSET] loaded FragShaderSrcPremultipliedAlphaBlend.frag (1216 bytes)
2026-09-14 01:38:35.952 [GLThread 21045] [ASSET] loaded FragShaderSrcColorBlend.frag (7737 bytes)
2026-09-14 01:38:35.956 [GLThread 21045] [ASSET] loaded FragShaderSrcAlphaBlend.frag (2320 bytes)
2026-09-14 01:38:36.001 [GLThread 21045] [ASSET] loaded VertShaderSrcMaskedBlend.vert (688 bytes)
2026-09-14 01:38:36.005 [GLThread 21045] [ASSET] loaded FragShaderSrcMaskPremultipliedAlphaBlend.frag (1497 bytes)
2026-09-14 01:38:36.010 [GLThread 21045] [ASSET] loaded FragShaderSrcColorBlend.frag (7737 bytes)
2026-09-14 01:38:36.014 [GLThread 21045] [ASSET] loaded FragShaderSrcAlphaBlend.frag (2320 bytes)
2026-09-14 01:38:36.062 [GLThread 21045] [ASSET] loaded VertShaderSrcMaskedBlend.vert (688 bytes)
2026-09-14 01:38:36.066 [GLThread 21045] [ASSET] loaded FragShaderSrcMaskInvertedPremultipliedAlphaBlend.frag (1505 bytes)
2026-09-14 01:38:36.071 [GLThread 21045] [ASSET] loaded FragShaderSrcColorBlend.frag (7737 bytes)
2026-09-14 01:38:36.076 [GLThread 21045] [ASSET] loaded FragShaderSrcAlphaBlend.frag (2320 bytes)
2026-09-14 01:38:36.124 [GLThread 21045] [ASSET] loaded VertShaderSrcBlend.vert (633 bytes)
2026-09-14 01:38:36.128 [GLThread 21045] [ASSET] loaded FragShaderSrcBlend.frag (1170 bytes)
2026-09-14 01:38:36.132 [GLThread 21045] [ASSET] loaded FragShaderSrcColorBlend.frag (7737 bytes)
2026-09-14 01:38:36.136 [GLThread 21045] [ASSET] loaded FragShaderSrcAlphaBlend.frag (2320 bytes)
2026-09-14 01:38:36.173 [GLThread 21045] [ASSET] loaded VertShaderSrcMaskedBlend.vert (688 bytes)
2026-09-14 01:38:36.178 [GLThread 21045] [ASSET] loaded FragShaderSrcMaskBlend.frag (1450 bytes)
2026-09-14 01:38:36.183 [GLThread 21045] [ASSET] loaded FragShaderSrcColorBlend.frag (7737 bytes)
2026-09-14 01:38:36.187 [GLThread 21045] [ASSET] loaded FragShaderSrcAlphaBlend.frag (2320 bytes)
2026-09-14 01:38:36.236 [GLThread 21045] [ASSET] loaded VertShaderSrcMaskedBlend.vert (688 bytes)
2026-09-14 01:38:36.241 [GLThread 21045] [ASSET] loaded FragShaderSrcMaskInvertedBlend.frag (1458 bytes)
2026-09-14 01:38:36.245 [GLThread 21045] [ASSET] loaded FragShaderSrcColorBlend.frag (7737 bytes)
2026-09-14 01:38:36.255 [GLThread 21045] [ASSET] loaded FragShaderSrcAlphaBlend.frag (2320 bytes)
2026-09-14 01:38:36.309 [GLThread 21045] [ASSET] loaded VertShaderSrcBlend.vert (633 bytes)
2026-09-14 01:38:36.314 [GLThread 21045] [ASSET] loaded FragShaderSrcPremultipliedAlphaBlend.frag (1216 bytes)
2026-09-14 01:38:36.320 [GLThread 21045] [ASSET] loaded FragShaderSrcColorBlend.frag (7737 bytes)
2026-09-14 01:38:36.325 [GLThread 21045] [ASSET] loaded FragShaderSrcAlphaBlend.frag (2320 bytes)
2026-09-14 01:38:36.365 [GLThread 21045] [ASSET] loaded VertShaderSrcMaskedBlend.vert (688 bytes)
2026-09-14 01:38:36.369 [GLThread 21045] [ASSET] loaded FragShaderSrcMaskPremultipliedAlphaBlend.frag (1497 bytes)
2026-09-14 01:38:36.373 [GLThread 21045] [ASSET] loaded FragShaderSrcColorBlend.frag (7737 bytes)
2026-09-14 01:38:36.377 [GLThread 21045] [ASSET] loaded FragShaderSrcAlphaBlend.frag (2320 bytes)
2026-09-14 01:38:36.422 [GLThread 21045] [ASSET] loaded VertShaderSrcMaskedBlend.vert (688 bytes)
2026-09-14 01:38:36.426 [GLThread 21045] [ASSET] loaded FragShaderSrcMaskInvertedPremultipliedAlphaBlend.frag (1505 bytes)
2026-09-14 01:38:36.430 [GLThread 21045] [ASSET] loaded FragShaderSrcColorBlend.frag (7737 bytes)
2026-09-14 01:38:36.434 [GLThread 21045] [ASSET] loaded FragShaderSrcAlphaBlend.frag (2320 bytes)
2026-09-14 01:38:36.479 [GLThread 21045] [ASSET] loaded VertShaderSrcBlend.vert (633 bytes)
2026-09-14 01:38:36.484 [GLThread 21045] [ASSET] loaded FragShaderSrcBlend.frag (1170 bytes)
2026-09-14 01:38:36.488 [GLThread 21045] [ASSET] loaded FragShaderSrcColorBlend.frag (7737 bytes)
2026-09-14 01:38:36.492 [GLThread 21045] [ASSET] loaded FragShaderSrcAlphaBlend.frag (2320 bytes)
2026-09-14 01:38:36.526 [GLThread 21045] [ASSET] loaded VertShaderSrcMaskedBlend.vert (688 bytes)
2026-09-14 01:38:36.530 [GLThread 21045] [ASSET] loaded FragShaderSrcMaskBlend.frag (1450 bytes)
2026-09-14 01:38:36.535 [GLThread 21045] [ASSET] loaded FragShaderSrcColorBlend.frag (7737 bytes)
2026-09-14 01:38:36.538 [GLThread 21045] [ASSET] loaded FragShaderSrcAlphaBlend.frag (2320 bytes)
2026-09-14 01:38:36.582 [GLThread 21045] [ASSET] loaded VertShaderSrcMaskedBlend.vert (688 bytes)
2026-09-14 01:38:36.585 [GLThread 21045] [ASSET] loaded FragShaderSrcMaskInvertedBlend.frag (1458 bytes)
2026-09-14 01:38:36.590 [GLThread 21045] [ASSET] loaded FragShaderSrcColorBlend.frag (7737 bytes)
2026-09-14 01:38:36.594 [GLThread 21045] [ASSET] loaded FragShaderSrcAlphaBlend.frag (2320 bytes)
2026-09-14 01:38:36.637 [GLThread 21045] [ASSET] loaded VertShaderSrcBlend.vert (633 bytes)
2026-09-14 01:38:36.641 [GLThread 21045] [ASSET] loaded FragShaderSrcPremultipliedAlphaBlend.frag (1216 bytes)
2026-09-14 01:38:36.645 [GLThread 21045] [ASSET] loaded FragShaderSrcColorBlend.frag (7737 bytes)
2026-09-14 01:38:36.648 [GLThread 21045] [ASSET] loaded FragShaderSrcAlphaBlend.frag (2320 bytes)
2026-09-14 01:38:36.681 [GLThread 21045] [ASSET] loaded VertShaderSrcMaskedBlend.vert (688 bytes)
2026-09-14 01:38:36.709 [GLThread 21045] [ASSET] loaded FragShaderSrcMaskPremultipliedAlphaBlend.frag (1497 bytes)
2026-09-14 01:38:36.713 [GLThread 21045] [ASSET] loaded FragShaderSrcColorBlend.frag (7737 bytes)
2026-09-14 01:38:36.717 [GLThread 21045] [ASSET] loaded FragShaderSrcAlphaBlend.frag (2320 bytes)
2026-09-14 01:38:36.763 [GLThread 21045] [ASSET] loaded VertShaderSrcMaskedBlend.vert (688 bytes)
2026-09-14 01:38:36.766 [GLThread 21045] [ASSET] loaded FragShaderSrcMaskInvertedPremultipliedAlphaBlend.frag (1505 bytes)
2026-09-14 01:38:36.771 [GLThread 21045] [ASSET] loaded FragShaderSrcColorBlend.frag (7737 bytes)
2026-09-14 01:38:36.776 [GLThread 21045] [ASSET] loaded FragShaderSrcAlphaBlend.frag (2320 bytes)
2026-09-14 01:38:36.825 [GLThread 21045] [ASSET] loaded VertShaderSrcBlend.vert (633 bytes)
2026-09-14 01:38:36.829 [GLThread 21045] [ASSET] loaded FragShaderSrcBlend.frag (1170 bytes)
2026-09-14 01:38:36.833 [GLThread 21045] [ASSET] loaded FragShaderSrcColorBlend.frag (7737 bytes)
2026-09-14 01:38:36.837 [GLThread 21045] [ASSET] loaded FragShaderSrcAlphaBlend.frag (2320 bytes)
2026-09-14 01:38:36.871 [GLThread 21045] [ASSET] loaded VertShaderSrcMaskedBlend.vert (688 bytes)
2026-09-14 01:38:36.876 [GLThread 21045] [ASSET] loaded FragShaderSrcMaskBlend.frag (1450 bytes)
2026-09-14 01:38:36.880 [GLThread 21045] [ASSET] loaded FragShaderSrcColorBlend.frag (7737 bytes)
2026-09-14 01:38:36.884 [GLThread 21045] [ASSET] loaded FragShaderSrcAlphaBlend.frag (2320 bytes)
2026-09-14 01:38:36.930 [GLThread 21045] [ASSET] loaded VertShaderSrcMaskedBlend.vert (688 bytes)
2026-09-14 01:38:36.934 [GLThread 21045] [ASSET] loaded FragShaderSrcMaskInvertedBlend.frag (1458 bytes)
2026-09-14 01:38:36.938 [GLThread 21045] [ASSET] loaded FragShaderSrcColorBlend.frag (7737 bytes)
2026-09-14 01:38:36.942 [GLThread 21045] [ASSET] loaded FragShaderSrcAlphaBlend.frag (2320 bytes)
2026-09-14 01:38:36.988 [GLThread 21045] [ASSET] loaded VertShaderSrcBlend.vert (633 bytes)
2026-09-14 01:38:36.992 [GLThread 21045] [ASSET] loaded FragShaderSrcPremultipliedAlphaBlend.frag (1216 bytes)
2026-09-14 01:38:36.997 [GLThread 21045] [ASSET] loaded FragShaderSrcColorBlend.frag (7737 bytes)
2026-09-14 01:38:37.001 [GLThread 21045] [ASSET] loaded FragShaderSrcAlphaBlend.frag (2320 bytes)
2026-09-14 01:38:37.039 [GLThread 21045] [ASSET] loaded VertShaderSrcMaskedBlend.vert (688 bytes)
2026-09-14 01:38:37.044 [GLThread 21045] [ASSET] loaded FragShaderSrcMaskPremultipliedAlphaBlend.frag (1497 bytes)
2026-09-14 01:38:37.048 [GLThread 21045] [ASSET] loaded FragShaderSrcColorBlend.frag (7737 bytes)
2026-09-14 01:38:37.053 [GLThread 21045] [ASSET] loaded FragShaderSrcAlphaBlend.frag (2320 bytes)
2026-09-14 01:38:37.102 [GLThread 21045] [ASSET] loaded VertShaderSrcMaskedBlend.vert (688 bytes)
2026-09-14 01:38:37.106 [GLThread 21045] [ASSET] loaded FragShaderSrcMaskInvertedPremultipliedAlphaBlend.frag (1505 bytes)
2026-09-14 01:38:37.111 [GLThread 21045] [ASSET] loaded FragShaderSrcColorBlend.frag (7737 bytes)
2026-09-14 01:38:37.115 [GLThread 21045] [ASSET] loaded FragShaderSrcAlphaBlend.frag (2320 bytes)
2026-09-14 01:38:37.169 [GLThread 21045] [ASSET] loaded VertShaderSrcBlend.vert (633 bytes)
2026-09-14 01:38:37.174 [GLThread 21045] [ASSET] loaded FragShaderSrcBlend.frag (1170 bytes)
2026-09-14 01:38:37.178 [GLThread 21045] [ASSET] loaded FragShaderSrcColorBlend.frag (7737 bytes)
2026-09-14 01:38:37.183 [GLThread 21045] [ASSET] loaded FragShaderSrcAlphaBlend.frag (2320 bytes)
2026-09-14 01:38:37.219 [GLThread 21045] [ASSET] loaded VertShaderSrcMaskedBlend.vert (688 bytes)
2026-09-14 01:38:37.223 [GLThread 21045] [ASSET] loaded FragShaderSrcMaskBlend.frag (1450 bytes)
2026-09-14 01:38:37.227 [GLThread 21045] [ASSET] loaded FragShaderSrcColorBlend.frag (7737 bytes)
2026-09-14 01:38:37.231 [GLThread 21045] [ASSET] loaded FragShaderSrcAlphaBlend.frag (2320 bytes)
2026-09-14 01:38:37.279 [GLThread 21045] [ASSET] loaded VertShaderSrcMaskedBlend.vert (688 bytes)
2026-09-14 01:38:37.284 [GLThread 21045] [ASSET] loaded FragShaderSrcMaskInvertedBlend.frag (1458 bytes)
2026-09-14 01:38:37.288 [GLThread 21045] [ASSET] loaded FragShaderSrcColorBlend.frag (7737 bytes)
2026-09-14 01:38:37.293 [GLThread 21045] [ASSET] loaded FragShaderSrcAlphaBlend.frag (2320 bytes)
2026-09-14 01:38:37.338 [GLThread 21045] [ASSET] loaded VertShaderSrcBlend.vert (633 bytes)
2026-09-14 01:38:37.342 [GLThread 21045] [ASSET] loaded FragShaderSrcPremultipliedAlphaBlend.frag (1216 bytes)
2026-09-14 01:38:37.346 [GLThread 21045] [ASSET] loaded FragShaderSrcColorBlend.frag (7737 bytes)
2026-09-14 01:38:37.351 [GLThread 21045] [ASSET] loaded FragShaderSrcAlphaBlend.frag (2320 bytes)
2026-09-14 01:38:37.390 [GLThread 21045] [ASSET] loaded VertShaderSrcMaskedBlend.vert (688 bytes)
2026-09-14 01:38:37.394 [GLThread 21045] [ASSET] loaded FragShaderSrcMaskPremultipliedAlphaBlend.frag (1497 bytes)
2026-09-14 01:38:37.398 [GLThread 21045] [ASSET] loaded FragShaderSrcColorBlend.frag (7737 bytes)
2026-09-14 01:38:37.402 [GLThread 21045] [ASSET] loaded FragShaderSrcAlphaBlend.frag (2320 bytes)
2026-09-14 01:38:37.449 [GLThread 21045] [ASSET] loaded VertShaderSrcMaskedBlend.vert (688 bytes)
2026-09-14 01:38:37.454 [GLThread 21045] [ASSET] loaded FragShaderSrcMaskInvertedPremultipliedAlphaBlend.frag (1505 bytes)
2026-09-14 01:38:37.458 [GLThread 21045] [ASSET] loaded FragShaderSrcColorBlend.frag (7737 bytes)
2026-09-14 01:38:37.462 [GLThread 21045] [ASSET] loaded FragShaderSrcAlphaBlend.frag (2320 bytes)
2026-09-14 01:38:37.507 [GLThread 21045] [ASSET] loaded VertShaderSrcBlend.vert (633 bytes)
2026-09-14 01:38:37.511 [GLThread 21045] [ASSET] loaded FragShaderSrcBlend.frag (1170 bytes)
2026-09-14 01:38:37.515 [GLThread 21045] [ASSET] loaded FragShaderSrcColorBlend.frag (7737 bytes)
2026-09-14 01:38:37.518 [GLThread 21045] [ASSET] loaded FragShaderSrcAlphaBlend.frag (2320 bytes)
2026-09-14 01:38:37.551 [GLThread 21045] [ASSET] loaded VertShaderSrcMaskedBlend.vert (688 bytes)
2026-09-14 01:38:37.555 [GLThread 21045] [ASSET] loaded FragShaderSrcMaskBlend.frag (1450 bytes)
2026-09-14 01:38:37.559 [GLThread 21045] [ASSET] loaded FragShaderSrcColorBlend.frag (7737 bytes)
2026-09-14 01:38:37.563 [GLThread 21045] [ASSET] loaded FragShaderSrcAlphaBlend.frag (2320 bytes)
2026-09-14 01:38:37.607 [GLThread 21045] [ASSET] loaded VertShaderSrcMaskedBlend.vert (688 bytes)
2026-09-14 01:38:37.611 [GLThread 21045] [ASSET] loaded FragShaderSrcMaskInvertedBlend.frag (1458 bytes)
2026-09-14 01:38:37.615 [GLThread 21045] [ASSET] loaded FragShaderSrcColorBlend.frag (7737 bytes)
2026-09-14 01:38:37.619 [GLThread 21045] [ASSET] loaded FragShaderSrcAlphaBlend.frag (2320 bytes)
2026-09-14 01:38:37.666 [GLThread 21045] [ASSET] loaded VertShaderSrcBlend.vert (633 bytes)
2026-09-14 01:38:37.669 [GLThread 21045] [ASSET] loaded FragShaderSrcPremultipliedAlphaBlend.frag (1216 bytes)
2026-09-14 01:38:37.674 [GLThread 21045] [ASSET] loaded FragShaderSrcColorBlend.frag (7737 bytes)
2026-09-14 01:38:37.678 [GLThread 21045] [ASSET] loaded FragShaderSrcAlphaBlend.frag (2320 bytes)
2026-09-14 01:38:37.725 [GLThread 21045] [ASSET] loaded VertShaderSrcMaskedBlend.vert (688 bytes)
2026-09-14 01:38:37.728 [GLThread 21045] [ASSET] loaded FragShaderSrcMaskPremultipliedAlphaBlend.frag (1497 bytes)
2026-09-14 01:38:37.732 [GLThread 21045] [ASSET] loaded FragShaderSrcColorBlend.frag (7737 bytes)
2026-09-14 01:38:37.738 [GLThread 21045] [ASSET] loaded FragShaderSrcAlphaBlend.frag (2320 bytes)
2026-09-14 01:38:37.826 [GLThread 21045] [ASSET] loaded VertShaderSrcMaskedBlend.vert (688 bytes)
2026-09-14 01:38:37.830 [GLThread 21045] [ASSET] loaded FragShaderSrcMaskInvertedPremultipliedAlphaBlend.frag (1505 bytes)
2026-09-14 01:38:37.834 [GLThread 21045] [ASSET] loaded FragShaderSrcColorBlend.frag (7737 bytes)
2026-09-14 01:38:37.838 [GLThread 21045] [ASSET] loaded FragShaderSrcAlphaBlend.frag (2320 bytes)
2026-09-14 01:38:37.883 [GLThread 21045] [ASSET] loaded VertShaderSrcBlend.vert (633 bytes)
2026-09-14 01:38:37.887 [GLThread 21045] [ASSET] loaded FragShaderSrcBlend.frag (1170 bytes)
2026-09-14 01:38:37.891 [GLThread 21045] [ASSET] loaded FragShaderSrcColorBlend.frag (7737 bytes)
2026-09-14 01:38:37.895 [GLThread 21045] [ASSET] loaded FragShaderSrcAlphaBlend.frag (2320 bytes)
2026-09-14 01:38:37.927 [GLThread 21045] [ASSET] loaded VertShaderSrcMaskedBlend.vert (688 bytes)
2026-09-14 01:38:37.931 [GLThread 21045] [ASSET] loaded FragShaderSrcMaskBlend.frag (1450 bytes)
2026-09-14 01:38:37.935 [GLThread 21045] [ASSET] loaded FragShaderSrcColorBlend.frag (7737 bytes)
2026-09-14 01:38:37.939 [GLThread 21045] [ASSET] loaded FragShaderSrcAlphaBlend.frag (2320 bytes)
2026-09-14 01:38:37.980 [GLThread 21045] [ASSET] loaded VertShaderSrcMaskedBlend.vert (688 bytes)
2026-09-14 01:38:37.984 [GLThread 21045] [ASSET] loaded FragShaderSrcMaskInvertedBlend.frag (1458 bytes)
2026-09-14 01:38:37.988 [GLThread 21045] [ASSET] loaded FragShaderSrcColorBlend.frag (7737 bytes)
2026-09-14 01:38:37.992 [GLThread 21045] [ASSET] loaded FragShaderSrcAlphaBlend.frag (2320 bytes)
2026-09-14 01:38:38.073 [GLThread 21045] [ASSET] loaded VertShaderSrcBlend.vert (633 bytes)
2026-09-14 01:38:38.078 [GLThread 21045] [ASSET] loaded FragShaderSrcPremultipliedAlphaBlend.frag (1216 bytes)
2026-09-14 01:38:38.098 [GLThread 21045] [ASSET] loaded FragShaderSrcColorBlend.frag (7737 bytes)
2026-09-14 01:38:38.102 [GLThread 21045] [ASSET] loaded FragShaderSrcAlphaBlend.frag (2320 bytes)
2026-09-14 01:38:38.146 [GLThread 21045] [ASSET] loaded VertShaderSrcMaskedBlend.vert (688 bytes)
2026-09-14 01:38:38.149 [GLThread 21045] [ASSET] loaded FragShaderSrcMaskPremultipliedAlphaBlend.frag (1497 bytes)
2026-09-14 01:38:38.165 [GLThread 21045] [ASSET] loaded FragShaderSrcColorBlend.frag (7737 bytes)
2026-09-14 01:38:38.170 [GLThread 21045] [ASSET] loaded FragShaderSrcAlphaBlend.frag (2320 bytes)
2026-09-14 01:38:38.223 [GLThread 21045] [ASSET] loaded VertShaderSrcMaskedBlend.vert (688 bytes)
2026-09-14 01:38:38.227 [GLThread 21045] [ASSET] loaded FragShaderSrcMaskInvertedPremultipliedAlphaBlend.frag (1505 bytes)
2026-09-14 01:38:38.231 [GLThread 21045] [ASSET] loaded FragShaderSrcColorBlend.frag (7737 bytes)
2026-09-14 01:38:38.236 [GLThread 21045] [ASSET] loaded FragShaderSrcAlphaBlend.frag (2320 bytes)
2026-09-14 01:38:38.283 [GLThread 21045] [ASSET] loaded VertShaderSrcBlend.vert (633 bytes)
2026-09-14 01:38:38.287 [GLThread 21045] [ASSET] loaded FragShaderSrcBlend.frag (1170 bytes)
2026-09-14 01:38:38.291 [GLThread 21045] [ASSET] loaded FragShaderSrcColorBlend.frag (7737 bytes)
2026-09-14 01:38:38.296 [GLThread 21045] [ASSET] loaded FragShaderSrcAlphaBlend.frag (2320 bytes)
2026-09-14 01:38:38.328 [GLThread 21045] [ASSET] loaded VertShaderSrcMaskedBlend.vert (688 bytes)
2026-09-14 01:38:38.331 [GLThread 21045] [ASSET] loaded FragShaderSrcMaskBlend.frag (1450 bytes)
2026-09-14 01:38:38.335 [GLThread 21045] [ASSET] loaded FragShaderSrcColorBlend.frag (7737 bytes)
2026-09-14 01:38:38.338 [GLThread 21045] [ASSET] loaded FragShaderSrcAlphaBlend.frag (2320 bytes)
2026-09-14 01:38:38.380 [GLThread 21045] [ASSET] loaded VertShaderSrcMaskedBlend.vert (688 bytes)
2026-09-14 01:38:38.384 [GLThread 21045] [ASSET] loaded FragShaderSrcMaskInvertedBlend.frag (1458 bytes)
2026-09-14 01:38:38.387 [GLThread 21045] [ASSET] loaded FragShaderSrcColorBlend.frag (7737 bytes)
2026-09-14 01:38:38.391 [GLThread 21045] [ASSET] loaded FragShaderSrcAlphaBlend.frag (2320 bytes)
2026-09-14 01:38:38.435 [GLThread 21045] [ASSET] loaded VertShaderSrcBlend.vert (633 bytes)
2026-09-14 01:38:38.439 [GLThread 21045] [ASSET] loaded FragShaderSrcPremultipliedAlphaBlend.frag (1216 bytes)
2026-09-14 01:38:38.443 [GLThread 21045] [ASSET] loaded FragShaderSrcColorBlend.frag (7737 bytes)
2026-09-14 01:38:38.446 [GLThread 21045] [ASSET] loaded FragShaderSrcAlphaBlend.frag (2320 bytes)
2026-09-14 01:38:38.482 [GLThread 21045] [ASSET] loaded VertShaderSrcMaskedBlend.vert (688 bytes)
2026-09-14 01:38:38.485 [GLThread 21045] [ASSET] loaded FragShaderSrcMaskPremultipliedAlphaBlend.frag (1497 bytes)
2026-09-14 01:38:38.488 [GLThread 21045] [ASSET] loaded FragShaderSrcColorBlend.frag (7737 bytes)
2026-09-14 01:38:38.492 [GLThread 21045] [ASSET] loaded FragShaderSrcAlphaBlend.frag (2320 bytes)
2026-09-14 01:38:38.537 [GLThread 21045] [ASSET] loaded VertShaderSrcMaskedBlend.vert (688 bytes)
2026-09-14 01:38:38.540 [GLThread 21045] [ASSET] loaded FragShaderSrcMaskInvertedPremultipliedAlphaBlend.frag (1505 bytes)
2026-09-14 01:38:38.545 [GLThread 21045] [ASSET] loaded FragShaderSrcColorBlend.frag (7737 bytes)
2026-09-14 01:38:38.548 [GLThread 21045] [ASSET] loaded FragShaderSrcAlphaBlend.frag (2320 bytes)
2026-09-14 01:38:38.595 [GLThread 21045] [ASSET] loaded VertShaderSrcBlend.vert (633 bytes)
2026-09-14 01:38:38.599 [GLThread 21045] [ASSET] loaded FragShaderSrcBlend.frag (1170 bytes)
2026-09-14 01:38:38.603 [GLThread 21045] [ASSET] loaded FragShaderSrcColorBlend.frag (7737 bytes)
2026-09-14 01:38:38.607 [GLThread 21045] [ASSET] loaded FragShaderSrcAlphaBlend.frag (2320 bytes)
2026-09-14 01:38:38.650 [GLThread 21045] [ASSET] loaded VertShaderSrcMaskedBlend.vert (688 bytes)
2026-09-14 01:38:38.654 [GLThread 21045] [ASSET] loaded FragShaderSrcMaskBlend.frag (1450 bytes)
2026-09-14 01:38:38.658 [GLThread 21045] [ASSET] loaded FragShaderSrcColorBlend.frag (7737 bytes)
2026-09-14 01:38:38.661 [GLThread 21045] [ASSET] loaded FragShaderSrcAlphaBlend.frag (2320 bytes)
2026-09-14 01:38:38.703 [GLThread 21045] [ASSET] loaded VertShaderSrcMaskedBlend.vert (688 bytes)
2026-09-14 01:38:38.706 [GLThread 21045] [ASSET] loaded FragShaderSrcMaskInvertedBlend.frag (1458 bytes)
2026-09-14 01:38:38.710 [GLThread 21045] [ASSET] loaded FragShaderSrcColorBlend.frag (7737 bytes)
2026-09-14 01:38:38.714 [GLThread 21045] [ASSET] loaded FragShaderSrcAlphaBlend.frag (2320 bytes)
2026-09-14 01:38:38.755 [GLThread 21045] [ASSET] loaded VertShaderSrcBlend.vert (633 bytes)
2026-09-14 01:38:38.758 [GLThread 21045] [ASSET] loaded FragShaderSrcPremultipliedAlphaBlend.frag (1216 bytes)
2026-09-14 01:38:38.762 [GLThread 21045] [ASSET] loaded FragShaderSrcColorBlend.frag (7737 bytes)
2026-09-14 01:38:38.765 [GLThread 21045] [ASSET] loaded FragShaderSrcAlphaBlend.frag (2320 bytes)
2026-09-14 01:38:38.809 [GLThread 21045] [ASSET] loaded VertShaderSrcMaskedBlend.vert (688 bytes)
2026-09-14 01:38:38.823 [GLThread 21045] [ASSET] loaded FragShaderSrcMaskPremultipliedAlphaBlend.frag (1497 bytes)
2026-09-14 01:38:38.827 [GLThread 21045] [ASSET] loaded FragShaderSrcColorBlend.frag (7737 bytes)
2026-09-14 01:38:38.841 [GLThread 21045] [ASSET] loaded FragShaderSrcAlphaBlend.frag (2320 bytes)
2026-09-14 01:38:38.937 [GLThread 21045] [ASSET] loaded VertShaderSrcMaskedBlend.vert (688 bytes)
2026-09-14 01:38:38.951 [GLThread 21045] [ASSET] loaded FragShaderSrcMaskInvertedPremultipliedAlphaBlend.frag (1505 bytes)
2026-09-14 01:38:38.956 [GLThread 21045] [ASSET] loaded FragShaderSrcColorBlend.frag (7737 bytes)
2026-09-14 01:38:38.960 [GLThread 21045] [ASSET] loaded FragShaderSrcAlphaBlend.frag (2320 bytes)
2026-09-14 01:38:39.022 [GLThread 21045] [ASSET] loaded VertShaderSrcBlend.vert (633 bytes)
2026-09-14 01:38:39.027 [GLThread 21045] [ASSET] loaded FragShaderSrcBlend.frag (1170 bytes)
2026-09-14 01:38:39.031 [GLThread 21045] [ASSET] loaded FragShaderSrcColorBlend.frag (7737 bytes)
2026-09-14 01:38:39.035 [GLThread 21045] [ASSET] loaded FragShaderSrcAlphaBlend.frag (2320 bytes)
2026-09-14 01:38:39.071 [GLThread 21045] [ASSET] loaded VertShaderSrcMaskedBlend.vert (688 bytes)
2026-09-14 01:38:39.075 [GLThread 21045] [ASSET] loaded FragShaderSrcMaskBlend.frag (1450 bytes)
2026-09-14 01:38:39.078 [GLThread 21045] [ASSET] loaded FragShaderSrcColorBlend.frag (7737 bytes)
2026-09-14 01:38:39.082 [GLThread 21045] [ASSET] loaded FragShaderSrcAlphaBlend.frag (2320 bytes)
2026-09-14 01:38:39.123 [GLThread 21045] [ASSET] loaded VertShaderSrcMaskedBlend.vert (688 bytes)
2026-09-14 01:38:39.127 [GLThread 21045] [ASSET] loaded FragShaderSrcMaskInvertedBlend.frag (1458 bytes)
2026-09-14 01:38:39.130 [GLThread 21045] [ASSET] loaded FragShaderSrcColorBlend.frag (7737 bytes)
2026-09-14 01:38:39.134 [GLThread 21045] [ASSET] loaded FragShaderSrcAlphaBlend.frag (2320 bytes)
2026-09-14 01:38:39.179 [GLThread 21045] [ASSET] loaded VertShaderSrcBlend.vert (633 bytes)
2026-09-14 01:38:39.183 [GLThread 21045] [ASSET] loaded FragShaderSrcPremultipliedAlphaBlend.frag (1216 bytes)
2026-09-14 01:38:39.186 [GLThread 21045] [ASSET] loaded FragShaderSrcColorBlend.frag (7737 bytes)
2026-09-14 01:38:39.190 [GLThread 21045] [ASSET] loaded FragShaderSrcAlphaBlend.frag (2320 bytes)
2026-09-14 01:38:39.226 [GLThread 21045] [ASSET] loaded VertShaderSrcMaskedBlend.vert (688 bytes)
2026-09-14 01:38:39.229 [GLThread 21045] [ASSET] loaded FragShaderSrcMaskPremultipliedAlphaBlend.frag (1497 bytes)
2026-09-14 01:38:39.233 [GLThread 21045] [ASSET] loaded FragShaderSrcColorBlend.frag (7737 bytes)
2026-09-14 01:38:39.237 [GLThread 21045] [ASSET] loaded FragShaderSrcAlphaBlend.frag (2320 bytes)
2026-09-14 01:38:39.281 [GLThread 21045] [ASSET] loaded VertShaderSrcMaskedBlend.vert (688 bytes)
2026-09-14 01:38:39.284 [GLThread 21045] [ASSET] loaded FragShaderSrcMaskInvertedPremultipliedAlphaBlend.frag (1505 bytes)
2026-09-14 01:38:39.288 [GLThread 21045] [ASSET] loaded FragShaderSrcColorBlend.frag (7737 bytes)
2026-09-14 01:38:39.291 [GLThread 21045] [ASSET] loaded FragShaderSrcAlphaBlend.frag (2320 bytes)
2026-09-14 01:38:39.334 [GLThread 21045] [ASSET] loaded VertShaderSrcBlend.vert (633 bytes)
2026-09-14 01:38:39.337 [GLThread 21045] [ASSET] loaded FragShaderSrcBlend.frag (1170 bytes)
2026-09-14 01:38:39.341 [GLThread 21045] [ASSET] loaded FragShaderSrcColorBlend.frag (7737 bytes)
2026-09-14 01:38:39.344 [GLThread 21045] [ASSET] loaded FragShaderSrcAlphaBlend.frag (2320 bytes)
2026-09-14 01:38:39.375 [GLThread 21045] [ASSET] loaded VertShaderSrcMaskedBlend.vert (688 bytes)
2026-09-14 01:38:39.378 [GLThread 21045] [ASSET] loaded FragShaderSrcMaskBlend.frag (1450 bytes)
2026-09-14 01:38:39.383 [GLThread 21045] [ASSET] loaded FragShaderSrcColorBlend.frag (7737 bytes)
2026-09-14 01:38:39.387 [GLThread 21045] [ASSET] loaded FragShaderSrcAlphaBlend.frag (2320 bytes)
2026-09-14 01:38:39.431 [GLThread 21045] [ASSET] loaded VertShaderSrcMaskedBlend.vert (688 bytes)
2026-09-14 01:38:39.435 [GLThread 21045] [ASSET] loaded FragShaderSrcMaskInvertedBlend.frag (1458 bytes)
2026-09-14 01:38:39.438 [GLThread 21045] [ASSET] loaded FragShaderSrcColorBlend.frag (7737 bytes)
2026-09-14 01:38:39.441 [GLThread 21045] [ASSET] loaded FragShaderSrcAlphaBlend.frag (2320 bytes)
2026-09-14 01:38:39.481 [GLThread 21045] [ASSET] loaded VertShaderSrcBlend.vert (633 bytes)
2026-09-14 01:38:39.485 [GLThread 21045] [ASSET] loaded FragShaderSrcPremultipliedAlphaBlend.frag (1216 bytes)
2026-09-14 01:38:39.488 [GLThread 21045] [ASSET] loaded FragShaderSrcColorBlend.frag (7737 bytes)
2026-09-14 01:38:39.491 [GLThread 21045] [ASSET] loaded FragShaderSrcAlphaBlend.frag (2320 bytes)
2026-09-14 01:38:39.523 [GLThread 21045] [ASSET] loaded VertShaderSrcMaskedBlend.vert (688 bytes)
2026-09-14 01:38:39.527 [GLThread 21045] [ASSET] loaded FragShaderSrcMaskPremultipliedAlphaBlend.frag (1497 bytes)
2026-09-14 01:38:39.530 [GLThread 21045] [ASSET] loaded FragShaderSrcColorBlend.frag (7737 bytes)
2026-09-14 01:38:39.533 [GLThread 21045] [ASSET] loaded FragShaderSrcAlphaBlend.frag (2320 bytes)
2026-09-14 01:38:39.578 [GLThread 21045] [ASSET] loaded VertShaderSrcMaskedBlend.vert (688 bytes)
2026-09-14 01:38:39.582 [GLThread 21045] [ASSET] loaded FragShaderSrcMaskInvertedPremultipliedAlphaBlend.frag (1505 bytes)
2026-09-14 01:38:39.586 [GLThread 21045] [ASSET] loaded FragShaderSrcColorBlend.frag (7737 bytes)
2026-09-14 01:38:39.590 [GLThread 21045] [ASSET] loaded FragShaderSrcAlphaBlend.frag (2320 bytes)
2026-09-14 01:38:39.638 [GLThread 21045] [ASSET] loaded VertShaderSrcBlend.vert (633 bytes)
2026-09-14 01:38:39.642 [GLThread 21045] [ASSET] loaded FragShaderSrcBlend.frag (1170 bytes)
2026-09-14 01:38:39.647 [GLThread 21045] [ASSET] loaded FragShaderSrcColorBlend.frag (7737 bytes)
2026-09-14 01:38:39.650 [GLThread 21045] [ASSET] loaded FragShaderSrcAlphaBlend.frag (2320 bytes)
2026-09-14 01:38:39.682 [GLThread 21045] [ASSET] loaded VertShaderSrcMaskedBlend.vert (688 bytes)
2026-09-14 01:38:39.685 [GLThread 21045] [ASSET] loaded FragShaderSrcMaskBlend.frag (1450 bytes)
2026-09-14 01:38:39.689 [GLThread 21045] [ASSET] loaded FragShaderSrcColorBlend.frag (7737 bytes)
2026-09-14 01:38:39.693 [GLThread 21045] [ASSET] loaded FragShaderSrcAlphaBlend.frag (2320 bytes)
2026-09-14 01:38:39.732 [GLThread 21045] [ASSET] loaded VertShaderSrcMaskedBlend.vert (688 bytes)
2026-09-14 01:38:39.735 [GLThread 21045] [ASSET] loaded FragShaderSrcMaskInvertedBlend.frag (1458 bytes)
2026-09-14 01:38:39.739 [GLThread 21045] [ASSET] loaded FragShaderSrcColorBlend.frag (7737 bytes)
2026-09-14 01:38:39.743 [GLThread 21045] [ASSET] loaded FragShaderSrcAlphaBlend.frag (2320 bytes)
2026-09-14 01:38:39.782 [GLThread 21045] [ASSET] loaded VertShaderSrcBlend.vert (633 bytes)
2026-09-14 01:38:39.785 [GLThread 21045] [ASSET] loaded FragShaderSrcPremultipliedAlphaBlend.frag (1216 bytes)
2026-09-14 01:38:39.788 [GLThread 21045] [ASSET] loaded FragShaderSrcColorBlend.frag (7737 bytes)
2026-09-14 01:38:39.792 [GLThread 21045] [ASSET] loaded FragShaderSrcAlphaBlend.frag (2320 bytes)
2026-09-14 01:38:39.823 [GLThread 21045] [ASSET] loaded VertShaderSrcMaskedBlend.vert (688 bytes)
2026-09-14 01:38:39.827 [GLThread 21045] [ASSET] loaded FragShaderSrcMaskPremultipliedAlphaBlend.frag (1497 bytes)
2026-09-14 01:38:39.830 [GLThread 21045] [ASSET] loaded FragShaderSrcColorBlend.frag (7737 bytes)
2026-09-14 01:38:39.833 [GLThread 21045] [ASSET] loaded FragShaderSrcAlphaBlend.frag (2320 bytes)
2026-09-14 01:38:39.874 [GLThread 21045] [ASSET] loaded VertShaderSrcMaskedBlend.vert (688 bytes)
2026-09-14 01:38:39.877 [GLThread 21045] [ASSET] loaded FragShaderSrcMaskInvertedPremultipliedAlphaBlend.frag (1505 bytes)
2026-09-14 01:38:39.880 [GLThread 21045] [ASSET] loaded FragShaderSrcColorBlend.frag (7737 bytes)
2026-09-14 01:38:39.883 [GLThread 21045] [ASSET] loaded FragShaderSrcAlphaBlend.frag (2320 bytes)
2026-09-14 01:38:39.926 [GLThread 21045] [ASSET] loaded VertShaderSrcBlend.vert (633 bytes)
2026-09-14 01:38:39.929 [GLThread 21045] [ASSET] loaded FragShaderSrcBlend.frag (1170 bytes)
2026-09-14 01:38:39.933 [GLThread 21045] [ASSET] loaded FragShaderSrcColorBlend.frag (7737 bytes)
2026-09-14 01:38:39.937 [GLThread 21045] [ASSET] loaded FragShaderSrcAlphaBlend.frag (2320 bytes)
2026-09-14 01:38:39.969 [GLThread 21045] [ASSET] loaded VertShaderSrcMaskedBlend.vert (688 bytes)
2026-09-14 01:38:39.973 [GLThread 21045] [ASSET] loaded FragShaderSrcMaskBlend.frag (1450 bytes)
2026-09-14 01:38:39.976 [GLThread 21045] [ASSET] loaded FragShaderSrcColorBlend.frag (7737 bytes)
2026-09-14 01:38:39.979 [GLThread 21045] [ASSET] loaded FragShaderSrcAlphaBlend.frag (2320 bytes)
2026-09-14 01:38:40.018 [GLThread 21045] [ASSET] loaded VertShaderSrcMaskedBlend.vert (688 bytes)
2026-09-14 01:38:40.022 [GLThread 21045] [ASSET] loaded FragShaderSrcMaskInvertedBlend.frag (1458 bytes)
2026-09-14 01:38:40.026 [GLThread 21045] [ASSET] loaded FragShaderSrcColorBlend.frag (7737 bytes)
2026-09-14 01:38:40.029 [GLThread 21045] [ASSET] loaded FragShaderSrcAlphaBlend.frag (2320 bytes)
2026-09-14 01:38:40.071 [GLThread 21045] [ASSET] loaded VertShaderSrcBlend.vert (633 bytes)
2026-09-14 01:38:40.074 [GLThread 21045] [ASSET] loaded FragShaderSrcPremultipliedAlphaBlend.frag (1216 bytes)
2026-09-14 01:38:40.077 [GLThread 21045] [ASSET] loaded FragShaderSrcColorBlend.frag (7737 bytes)
2026-09-14 01:38:40.080 [GLThread 21045] [ASSET] loaded FragShaderSrcAlphaBlend.frag (2320 bytes)
2026-09-14 01:38:40.113 [GLThread 21045] [ASSET] loaded VertShaderSrcMaskedBlend.vert (688 bytes)
2026-09-14 01:38:40.116 [GLThread 21045] [ASSET] loaded FragShaderSrcMaskPremultipliedAlphaBlend.frag (1497 bytes)
2026-09-14 01:38:40.120 [GLThread 21045] [ASSET] loaded FragShaderSrcColorBlend.frag (7737 bytes)
2026-09-14 01:38:40.125 [GLThread 21045] [ASSET] loaded FragShaderSrcAlphaBlend.frag (2320 bytes)
2026-09-14 01:38:40.166 [GLThread 21045] [ASSET] loaded VertShaderSrcMaskedBlend.vert (688 bytes)
2026-09-14 01:38:40.170 [GLThread 21045] [ASSET] loaded FragShaderSrcMaskInvertedPremultipliedAlphaBlend.frag (1505 bytes)
2026-09-14 01:38:40.173 [GLThread 21045] [ASSET] loaded FragShaderSrcColorBlend.frag (7737 bytes)
2026-09-14 01:38:40.177 [GLThread 21045] [ASSET] loaded FragShaderSrcAlphaBlend.frag (2320 bytes)
2026-09-14 01:38:40.222 [GLThread 21045] [ASSET] loaded VertShaderSrcBlend.vert (633 bytes)
2026-09-14 01:38:40.226 [GLThread 21045] [ASSET] loaded FragShaderSrcBlend.frag (1170 bytes)
2026-09-14 01:38:40.229 [GLThread 21045] [ASSET] loaded FragShaderSrcColorBlend.frag (7737 bytes)
2026-09-14 01:38:40.233 [GLThread 21045] [ASSET] loaded FragShaderSrcAlphaBlend.frag (2320 bytes)
2026-09-14 01:38:40.267 [GLThread 21045] [ASSET] loaded VertShaderSrcMaskedBlend.vert (688 bytes)
2026-09-14 01:38:40.270 [GLThread 21045] [ASSET] loaded FragShaderSrcMaskBlend.frag (1450 bytes)
2026-09-14 01:38:40.274 [GLThread 21045] [ASSET] loaded FragShaderSrcColorBlend.frag (7737 bytes)
2026-09-14 01:38:40.277 [GLThread 21045] [ASSET] loaded FragShaderSrcAlphaBlend.frag (2320 bytes)
2026-09-14 01:38:40.321 [GLThread 21045] [ASSET] loaded VertShaderSrcMaskedBlend.vert (688 bytes)
2026-09-14 01:38:40.325 [GLThread 21045] [ASSET] loaded FragShaderSrcMaskInvertedBlend.frag (1458 bytes)
2026-09-14 01:38:40.328 [GLThread 21045] [ASSET] loaded FragShaderSrcColorBlend.frag (7737 bytes)
2026-09-14 01:38:40.332 [GLThread 21045] [ASSET] loaded FragShaderSrcAlphaBlend.frag (2320 bytes)
2026-09-14 01:38:40.376 [GLThread 21045] [ASSET] loaded VertShaderSrcBlend.vert (633 bytes)
2026-09-14 01:38:40.379 [GLThread 21045] [ASSET] loaded FragShaderSrcPremultipliedAlphaBlend.frag (1216 bytes)
2026-09-14 01:38:40.383 [GLThread 21045] [ASSET] loaded FragShaderSrcColorBlend.frag (7737 bytes)
2026-09-14 01:38:40.386 [GLThread 21045] [ASSET] loaded FragShaderSrcAlphaBlend.frag (2320 bytes)
2026-09-14 01:38:40.421 [GLThread 21045] [ASSET] loaded VertShaderSrcMaskedBlend.vert (688 bytes)
2026-09-14 01:38:40.425 [GLThread 21045] [ASSET] loaded FragShaderSrcMaskPremultipliedAlphaBlend.frag (1497 bytes)
2026-09-14 01:38:40.428 [GLThread 21045] [ASSET] loaded FragShaderSrcColorBlend.frag (7737 bytes)
2026-09-14 01:38:40.432 [GLThread 21045] [ASSET] loaded FragShaderSrcAlphaBlend.frag (2320 bytes)
2026-09-14 01:38:40.478 [GLThread 21045] [ASSET] loaded VertShaderSrcMaskedBlend.vert (688 bytes)
2026-09-14 01:38:40.482 [GLThread 21045] [ASSET] loaded FragShaderSrcMaskInvertedPremultipliedAlphaBlend.frag (1505 bytes)
2026-09-14 01:38:40.485 [GLThread 21045] [ASSET] loaded FragShaderSrcColorBlend.frag (7737 bytes)
2026-09-14 01:38:40.489 [GLThread 21045] [ASSET] loaded FragShaderSrcAlphaBlend.frag (2320 bytes)
2026-09-14 01:38:40.534 [GLThread 21045] [ASSET] loaded VertShaderSrcBlend.vert (633 bytes)
2026-09-14 01:38:40.538 [GLThread 21045] [ASSET] loaded FragShaderSrcBlend.frag (1170 bytes)
2026-09-14 01:38:40.543 [GLThread 21045] [ASSET] loaded FragShaderSrcColorBlend.frag (7737 bytes)
2026-09-14 01:38:40.547 [GLThread 21045] [ASSET] loaded FragShaderSrcAlphaBlend.frag (2320 bytes)
2026-09-14 01:38:40.583 [GLThread 21045] [ASSET] loaded VertShaderSrcMaskedBlend.vert (688 bytes)
2026-09-14 01:38:40.587 [GLThread 21045] [ASSET] loaded FragShaderSrcMaskBlend.frag (1450 bytes)
2026-09-14 01:38:40.590 [GLThread 21045] [ASSET] loaded FragShaderSrcColorBlend.frag (7737 bytes)
2026-09-14 01:38:40.594 [GLThread 21045] [ASSET] loaded FragShaderSrcAlphaBlend.frag (2320 bytes)
2026-09-14 01:38:40.638 [GLThread 21045] [ASSET] loaded VertShaderSrcMaskedBlend.vert (688 bytes)
2026-09-14 01:38:40.642 [GLThread 21045] [ASSET] loaded FragShaderSrcMaskInvertedBlend.frag (1458 bytes)
2026-09-14 01:38:40.645 [GLThread 21045] [ASSET] loaded FragShaderSrcColorBlend.frag (7737 bytes)
2026-09-14 01:38:40.649 [GLThread 21045] [ASSET] loaded FragShaderSrcAlphaBlend.frag (2320 bytes)
2026-09-14 01:38:40.693 [GLThread 21045] [ASSET] loaded VertShaderSrcBlend.vert (633 bytes)
2026-09-14 01:38:40.696 [GLThread 21045] [ASSET] loaded FragShaderSrcPremultipliedAlphaBlend.frag (1216 bytes)
2026-09-14 01:38:40.700 [GLThread 21045] [ASSET] loaded FragShaderSrcColorBlend.frag (7737 bytes)
2026-09-14 01:38:40.704 [GLThread 21045] [ASSET] loaded FragShaderSrcAlphaBlend.frag (2320 bytes)
2026-09-14 01:38:40.741 [GLThread 21045] [ASSET] loaded VertShaderSrcMaskedBlend.vert (688 bytes)
2026-09-14 01:38:40.745 [GLThread 21045] [ASSET] loaded FragShaderSrcMaskPremultipliedAlphaBlend.frag (1497 bytes)
2026-09-14 01:38:40.749 [GLThread 21045] [ASSET] loaded FragShaderSrcColorBlend.frag (7737 bytes)
2026-09-14 01:38:40.752 [GLThread 21045] [ASSET] loaded FragShaderSrcAlphaBlend.frag (2320 bytes)
2026-09-14 01:38:40.809 [GLThread 21045] [ASSET] loaded VertShaderSrcMaskedBlend.vert (688 bytes)
2026-09-14 01:38:40.813 [GLThread 21045] [ASSET] loaded FragShaderSrcMaskInvertedPremultipliedAlphaBlend.frag (1505 bytes)
2026-09-14 01:38:40.816 [GLThread 21045] [ASSET] loaded FragShaderSrcColorBlend.frag (7737 bytes)
2026-09-14 01:38:40.819 [GLThread 21045] [ASSET] loaded FragShaderSrcAlphaBlend.frag (2320 bytes)
2026-09-14 01:38:40.869 [GLThread 21045] [ASSET] loaded VertShaderSrcBlend.vert (633 bytes)
2026-09-14 01:38:40.875 [GLThread 21045] [ASSET] loaded FragShaderSrcBlend.frag (1170 bytes)
2026-09-14 01:38:40.879 [GLThread 21045] [ASSET] loaded FragShaderSrcColorBlend.frag (7737 bytes)
2026-09-14 01:38:40.883 [GLThread 21045] [ASSET] loaded FragShaderSrcAlphaBlend.frag (2320 bytes)
2026-09-14 01:38:40.924 [GLThread 21045] [ASSET] loaded VertShaderSrcMaskedBlend.vert (688 bytes)
2026-09-14 01:38:40.928 [GLThread 21045] [ASSET] loaded FragShaderSrcMaskBlend.frag (1450 bytes)
2026-09-14 01:38:40.931 [GLThread 21045] [ASSET] loaded FragShaderSrcColorBlend.frag (7737 bytes)
2026-09-14 01:38:40.935 [GLThread 21045] [ASSET] loaded FragShaderSrcAlphaBlend.frag (2320 bytes)
2026-09-14 01:38:40.989 [GLThread 21045] [ASSET] loaded VertShaderSrcMaskedBlend.vert (688 bytes)
2026-09-14 01:38:40.993 [GLThread 21045] [ASSET] loaded FragShaderSrcMaskInvertedBlend.frag (1458 bytes)
2026-09-14 01:38:40.996 [GLThread 21045] [ASSET] loaded FragShaderSrcColorBlend.frag (7737 bytes)
2026-09-14 01:38:41.000 [GLThread 21045] [ASSET] loaded FragShaderSrcAlphaBlend.frag (2320 bytes)
2026-09-14 01:38:41.046 [GLThread 21045] [ASSET] loaded VertShaderSrcBlend.vert (633 bytes)
2026-09-14 01:38:41.050 [GLThread 21045] [ASSET] loaded FragShaderSrcPremultipliedAlphaBlend.frag (1216 bytes)
2026-09-14 01:38:41.054 [GLThread 21045] [ASSET] loaded FragShaderSrcColorBlend.frag (7737 bytes)
2026-09-14 01:38:41.057 [GLThread 21045] [ASSET] loaded FragShaderSrcAlphaBlend.frag (2320 bytes)
2026-09-14 01:38:41.094 [GLThread 21045] [ASSET] loaded VertShaderSrcMaskedBlend.vert (688 bytes)
2026-09-14 01:38:41.097 [GLThread 21045] [ASSET] loaded FragShaderSrcMaskPremultipliedAlphaBlend.frag (1497 bytes)
2026-09-14 01:38:41.101 [GLThread 21045] [ASSET] loaded FragShaderSrcColorBlend.frag (7737 bytes)
2026-09-14 01:38:41.105 [GLThread 21045] [ASSET] loaded FragShaderSrcAlphaBlend.frag (2320 bytes)
2026-09-14 01:38:41.154 [GLThread 21045] [ASSET] loaded VertShaderSrcMaskedBlend.vert (688 bytes)
2026-09-14 01:38:41.159 [GLThread 21045] [ASSET] loaded FragShaderSrcMaskInvertedPremultipliedAlphaBlend.frag (1505 bytes)
2026-09-14 01:38:41.163 [GLThread 21045] [ASSET] loaded FragShaderSrcColorBlend.frag (7737 bytes)
2026-09-14 01:38:41.167 [GLThread 21045] [ASSET] loaded FragShaderSrcAlphaBlend.frag (2320 bytes)
2026-09-14 01:38:41.215 [GLThread 21045] [ASSET] loaded VertShaderSrcBlend.vert (633 bytes)
2026-09-14 01:38:41.218 [GLThread 21045] [ASSET] loaded FragShaderSrcBlend.frag (1170 bytes)
2026-09-14 01:38:41.222 [GLThread 21045] [ASSET] loaded FragShaderSrcColorBlend.frag (7737 bytes)
2026-09-14 01:38:41.226 [GLThread 21045] [ASSET] loaded FragShaderSrcAlphaBlend.frag (2320 bytes)
2026-09-14 01:38:41.263 [GLThread 21045] [ASSET] loaded VertShaderSrcMaskedBlend.vert (688 bytes)
2026-09-14 01:38:41.266 [GLThread 21045] [ASSET] loaded FragShaderSrcMaskBlend.frag (1450 bytes)
2026-09-14 01:38:41.270 [GLThread 21045] [ASSET] loaded FragShaderSrcColorBlend.frag (7737 bytes)
2026-09-14 01:38:41.274 [GLThread 21045] [ASSET] loaded FragShaderSrcAlphaBlend.frag (2320 bytes)
2026-09-14 01:38:41.321 [GLThread 21045] [ASSET] loaded VertShaderSrcMaskedBlend.vert (688 bytes)
2026-09-14 01:38:41.324 [GLThread 21045] [ASSET] loaded FragShaderSrcMaskInvertedBlend.frag (1458 bytes)
2026-09-14 01:38:41.328 [GLThread 21045] [ASSET] loaded FragShaderSrcColorBlend.frag (7737 bytes)
2026-09-14 01:38:41.332 [GLThread 21045] [ASSET] loaded FragShaderSrcAlphaBlend.frag (2320 bytes)
2026-09-14 01:38:41.379 [GLThread 21045] [ASSET] loaded VertShaderSrcBlend.vert (633 bytes)
2026-09-14 01:38:41.383 [GLThread 21045] [ASSET] loaded FragShaderSrcPremultipliedAlphaBlend.frag (1216 bytes)
2026-09-14 01:38:41.387 [GLThread 21045] [ASSET] loaded FragShaderSrcColorBlend.frag (7737 bytes)
2026-09-14 01:38:41.391 [GLThread 21045] [ASSET] loaded FragShaderSrcAlphaBlend.frag (2320 bytes)
2026-09-14 01:38:41.428 [GLThread 21045] [ASSET] loaded VertShaderSrcMaskedBlend.vert (688 bytes)
2026-09-14 01:38:41.432 [GLThread 21045] [ASSET] loaded FragShaderSrcMaskPremultipliedAlphaBlend.frag (1497 bytes)
2026-09-14 01:38:41.435 [GLThread 21045] [ASSET] loaded FragShaderSrcColorBlend.frag (7737 bytes)
2026-09-14 01:38:41.439 [GLThread 21045] [ASSET] loaded FragShaderSrcAlphaBlend.frag (2320 bytes)
2026-09-14 01:38:41.488 [GLThread 21045] [ASSET] loaded VertShaderSrcMaskedBlend.vert (688 bytes)
2026-09-14 01:38:41.492 [GLThread 21045] [ASSET] loaded FragShaderSrcMaskInvertedPremultipliedAlphaBlend.frag (1505 bytes)
2026-09-14 01:38:41.496 [GLThread 21045] [ASSET] loaded FragShaderSrcColorBlend.frag (7737 bytes)
2026-09-14 01:38:41.499 [GLThread 21045] [ASSET] loaded FragShaderSrcAlphaBlend.frag (2320 bytes)
2026-09-14 01:38:41.549 [GLThread 21045] [ASSET] loaded VertShaderSrcBlend.vert (633 bytes)
2026-09-14 01:38:41.553 [GLThread 21045] [ASSET] loaded FragShaderSrcBlend.frag (1170 bytes)
2026-09-14 01:38:41.557 [GLThread 21045] [ASSET] loaded FragShaderSrcColorBlend.frag (7737 bytes)
2026-09-14 01:38:41.560 [GLThread 21045] [ASSET] loaded FragShaderSrcAlphaBlend.frag (2320 bytes)
2026-09-14 01:38:41.599 [GLThread 21045] [ASSET] loaded VertShaderSrcMaskedBlend.vert (688 bytes)
2026-09-14 01:38:41.602 [GLThread 21045] [ASSET] loaded FragShaderSrcMaskBlend.frag (1450 bytes)
2026-09-14 01:38:41.606 [GLThread 21045] [ASSET] loaded FragShaderSrcColorBlend.frag (7737 bytes)
2026-09-14 01:38:41.609 [GLThread 21045] [ASSET] loaded FragShaderSrcAlphaBlend.frag (2320 bytes)
2026-09-14 01:38:41.650 [GLThread 21045] [ASSET] loaded VertShaderSrcMaskedBlend.vert (688 bytes)
2026-09-14 01:38:41.653 [GLThread 21045] [ASSET] loaded FragShaderSrcMaskInvertedBlend.frag (1458 bytes)
2026-09-14 01:38:41.656 [GLThread 21045] [ASSET] loaded FragShaderSrcColorBlend.frag (7737 bytes)
2026-09-14 01:38:41.659 [GLThread 21045] [ASSET] loaded FragShaderSrcAlphaBlend.frag (2320 bytes)
2026-09-14 01:38:41.703 [GLThread 21045] [ASSET] loaded VertShaderSrcBlend.vert (633 bytes)
2026-09-14 01:38:41.706 [GLThread 21045] [ASSET] loaded FragShaderSrcPremultipliedAlphaBlend.frag (1216 bytes)
2026-09-14 01:38:41.709 [GLThread 21045] [ASSET] loaded FragShaderSrcColorBlend.frag (7737 bytes)
2026-09-14 01:38:41.712 [GLThread 21045] [ASSET] loaded FragShaderSrcAlphaBlend.frag (2320 bytes)
2026-09-14 01:38:41.770 [GLThread 21045] [ASSET] loaded VertShaderSrcMaskedBlend.vert (688 bytes)
2026-09-14 01:38:41.773 [GLThread 21045] [ASSET] loaded FragShaderSrcMaskPremultipliedAlphaBlend.frag (1497 bytes)
2026-09-14 01:38:41.776 [GLThread 21045] [ASSET] loaded FragShaderSrcColorBlend.frag (7737 bytes)
2026-09-14 01:38:41.779 [GLThread 21045] [ASSET] loaded FragShaderSrcAlphaBlend.frag (2320 bytes)
2026-09-14 01:38:41.825 [GLThread 21045] [ASSET] loaded VertShaderSrcMaskedBlend.vert (688 bytes)
2026-09-14 01:38:41.828 [GLThread 21045] [ASSET] loaded FragShaderSrcMaskInvertedPremultipliedAlphaBlend.frag (1505 bytes)
2026-09-14 01:38:41.831 [GLThread 21045] [ASSET] loaded FragShaderSrcColorBlend.frag (7737 bytes)
2026-09-14 01:38:41.834 [GLThread 21045] [ASSET] loaded FragShaderSrcAlphaBlend.frag (2320 bytes)
2026-09-14 01:38:41.880 [GLThread 21045] [ASSET] loaded VertShaderSrcBlend.vert (633 bytes)
2026-09-14 01:38:41.884 [GLThread 21045] [ASSET] loaded FragShaderSrcBlend.frag (1170 bytes)
2026-09-14 01:38:41.887 [GLThread 21045] [ASSET] loaded FragShaderSrcColorBlend.frag (7737 bytes)
2026-09-14 01:38:41.890 [GLThread 21045] [ASSET] loaded FragShaderSrcAlphaBlend.frag (2320 bytes)
2026-09-14 01:38:41.924 [GLThread 21045] [ASSET] loaded VertShaderSrcMaskedBlend.vert (688 bytes)
2026-09-14 01:38:41.927 [GLThread 21045] [ASSET] loaded FragShaderSrcMaskBlend.frag (1450 bytes)
2026-09-14 01:38:41.931 [GLThread 21045] [ASSET] loaded FragShaderSrcColorBlend.frag (7737 bytes)
2026-09-14 01:38:41.934 [GLThread 21045] [ASSET] loaded FragShaderSrcAlphaBlend.frag (2320 bytes)
2026-09-14 01:38:41.978 [GLThread 21045] [ASSET] loaded VertShaderSrcMaskedBlend.vert (688 bytes)
2026-09-14 01:38:41.981 [GLThread 21045] [ASSET] loaded FragShaderSrcMaskInvertedBlend.frag (1458 bytes)
2026-09-14 01:38:41.985 [GLThread 21045] [ASSET] loaded FragShaderSrcColorBlend.frag (7737 bytes)
2026-09-14 01:38:41.988 [GLThread 21045] [ASSET] loaded FragShaderSrcAlphaBlend.frag (2320 bytes)
2026-09-14 01:38:42.031 [GLThread 21045] [ASSET] loaded VertShaderSrcBlend.vert (633 bytes)
2026-09-14 01:38:42.035 [GLThread 21045] [ASSET] loaded FragShaderSrcPremultipliedAlphaBlend.frag (1216 bytes)
2026-09-14 01:38:42.038 [GLThread 21045] [ASSET] loaded FragShaderSrcColorBlend.frag (7737 bytes)
2026-09-14 01:38:42.041 [GLThread 21045] [ASSET] loaded FragShaderSrcAlphaBlend.frag (2320 bytes)
2026-09-14 01:38:42.076 [GLThread 21045] [ASSET] loaded VertShaderSrcMaskedBlend.vert (688 bytes)
2026-09-14 01:38:42.079 [GLThread 21045] [ASSET] loaded FragShaderSrcMaskPremultipliedAlphaBlend.frag (1497 bytes)
2026-09-14 01:38:42.083 [GLThread 21045] [ASSET] loaded FragShaderSrcColorBlend.frag (7737 bytes)
2026-09-14 01:38:42.086 [GLThread 21045] [ASSET] loaded FragShaderSrcAlphaBlend.frag (2320 bytes)
2026-09-14 01:38:42.131 [GLThread 21045] [ASSET] loaded VertShaderSrcMaskedBlend.vert (688 bytes)
2026-09-14 01:38:42.134 [GLThread 21045] [ASSET] loaded FragShaderSrcMaskInvertedPremultipliedAlphaBlend.frag (1505 bytes)
2026-09-14 01:38:42.138 [GLThread 21045] [ASSET] loaded FragShaderSrcColorBlend.frag (7737 bytes)
2026-09-14 01:38:42.141 [GLThread 21045] [ASSET] loaded FragShaderSrcAlphaBlend.frag (2320 bytes)
2026-09-14 01:38:42.184 [GLThread 21045] [ASSET] loaded VertShaderSrcBlend.vert (633 bytes)
2026-09-14 01:38:42.188 [GLThread 21045] [ASSET] loaded FragShaderSrcBlend.frag (1170 bytes)
2026-09-14 01:38:42.191 [GLThread 21045] [ASSET] loaded FragShaderSrcColorBlend.frag (7737 bytes)
2026-09-14 01:38:42.194 [GLThread 21045] [ASSET] loaded FragShaderSrcAlphaBlend.frag (2320 bytes)
2026-09-14 01:38:42.231 [GLThread 21045] [ASSET] loaded VertShaderSrcMaskedBlend.vert (688 bytes)
2026-09-14 01:38:42.234 [GLThread 21045] [ASSET] loaded FragShaderSrcMaskBlend.frag (1450 bytes)
2026-09-14 01:38:42.237 [GLThread 21045] [ASSET] loaded FragShaderSrcColorBlend.frag (7737 bytes)
2026-09-14 01:38:42.240 [GLThread 21045] [ASSET] loaded FragShaderSrcAlphaBlend.frag (2320 bytes)
2026-09-14 01:38:42.289 [GLThread 21045] [ASSET] loaded VertShaderSrcMaskedBlend.vert (688 bytes)
2026-09-14 01:38:42.293 [GLThread 21045] [ASSET] loaded FragShaderSrcMaskInvertedBlend.frag (1458 bytes)
2026-09-14 01:38:42.296 [GLThread 21045] [ASSET] loaded FragShaderSrcColorBlend.frag (7737 bytes)
2026-09-14 01:38:42.299 [GLThread 21045] [ASSET] loaded FragShaderSrcAlphaBlend.frag (2320 bytes)
2026-09-14 01:38:42.346 [GLThread 21045] [ASSET] loaded VertShaderSrcBlend.vert (633 bytes)
2026-09-14 01:38:42.349 [GLThread 21045] [ASSET] loaded FragShaderSrcPremultipliedAlphaBlend.frag (1216 bytes)
2026-09-14 01:38:42.352 [GLThread 21045] [ASSET] loaded FragShaderSrcColorBlend.frag (7737 bytes)
2026-09-14 01:38:42.356 [GLThread 21045] [ASSET] loaded FragShaderSrcAlphaBlend.frag (2320 bytes)
2026-09-14 01:38:42.395 [GLThread 21045] [ASSET] loaded VertShaderSrcMaskedBlend.vert (688 bytes)
2026-09-14 01:38:42.398 [GLThread 21045] [ASSET] loaded FragShaderSrcMaskPremultipliedAlphaBlend.frag (1497 bytes)
2026-09-14 01:38:42.402 [GLThread 21045] [ASSET] loaded FragShaderSrcColorBlend.frag (7737 bytes)
2026-09-14 01:38:42.406 [GLThread 21045] [ASSET] loaded FragShaderSrcAlphaBlend.frag (2320 bytes)
2026-09-14 01:38:42.457 [GLThread 21045] [ASSET] loaded VertShaderSrcMaskedBlend.vert (688 bytes)
2026-09-14 01:38:42.460 [GLThread 21045] [ASSET] loaded FragShaderSrcMaskInvertedPremultipliedAlphaBlend.frag (1505 bytes)
2026-09-14 01:38:42.463 [GLThread 21045] [ASSET] loaded FragShaderSrcColorBlend.frag (7737 bytes)
2026-09-14 01:38:42.466 [GLThread 21045] [ASSET] loaded FragShaderSrcAlphaBlend.frag (2320 bytes)
2026-09-14 01:38:42.514 [GLThread 21045] [ASSET] loaded VertShaderSrcBlend.vert (633 bytes)
2026-09-14 01:38:42.517 [GLThread 21045] [ASSET] loaded FragShaderSrcBlend.frag (1170 bytes)
2026-09-14 01:38:42.521 [GLThread 21045] [ASSET] loaded FragShaderSrcColorBlend.frag (7737 bytes)
2026-09-14 01:38:42.524 [GLThread 21045] [ASSET] loaded FragShaderSrcAlphaBlend.frag (2320 bytes)
2026-09-14 01:38:42.559 [GLThread 21045] [ASSET] loaded VertShaderSrcMaskedBlend.vert (688 bytes)
2026-09-14 01:38:42.562 [GLThread 21045] [ASSET] loaded FragShaderSrcMaskBlend.frag (1450 bytes)
2026-09-14 01:38:42.565 [GLThread 21045] [ASSET] loaded FragShaderSrcColorBlend.frag (7737 bytes)
2026-09-14 01:38:42.568 [GLThread 21045] [ASSET] loaded FragShaderSrcAlphaBlend.frag (2320 bytes)
2026-09-14 01:38:42.613 [GLThread 21045] [ASSET] loaded VertShaderSrcMaskedBlend.vert (688 bytes)
2026-09-14 01:38:42.616 [GLThread 21045] [ASSET] loaded FragShaderSrcMaskInvertedBlend.frag (1458 bytes)
2026-09-14 01:38:42.619 [GLThread 21045] [ASSET] loaded FragShaderSrcColorBlend.frag (7737 bytes)
2026-09-14 01:38:42.622 [GLThread 21045] [ASSET] loaded FragShaderSrcAlphaBlend.frag (2320 bytes)
2026-09-14 01:38:42.672 [GLThread 21045] [ASSET] loaded VertShaderSrcBlend.vert (633 bytes)
2026-09-14 01:38:42.675 [GLThread 21045] [ASSET] loaded FragShaderSrcPremultipliedAlphaBlend.frag (1216 bytes)
2026-09-14 01:38:42.678 [GLThread 21045] [ASSET] loaded FragShaderSrcColorBlend.frag (7737 bytes)
2026-09-14 01:38:42.682 [GLThread 21045] [ASSET] loaded FragShaderSrcAlphaBlend.frag (2320 bytes)
2026-09-14 01:38:42.722 [GLThread 21045] [ASSET] loaded VertShaderSrcMaskedBlend.vert (688 bytes)
2026-09-14 01:38:42.725 [GLThread 21045] [ASSET] loaded FragShaderSrcMaskPremultipliedAlphaBlend.frag (1497 bytes)
2026-09-14 01:38:42.728 [GLThread 21045] [ASSET] loaded FragShaderSrcColorBlend.frag (7737 bytes)
2026-09-14 01:38:42.732 [GLThread 21045] [ASSET] loaded FragShaderSrcAlphaBlend.frag (2320 bytes)
2026-09-14 01:38:42.792 [GLThread 21045] [ASSET] loaded VertShaderSrcMaskedBlend.vert (688 bytes)
2026-09-14 01:38:42.795 [GLThread 21045] [ASSET] loaded FragShaderSrcMaskInvertedPremultipliedAlphaBlend.frag (1505 bytes)
2026-09-14 01:38:42.799 [GLThread 21045] [ASSET] loaded FragShaderSrcColorBlend.frag (7737 bytes)
2026-09-14 01:38:42.803 [GLThread 21045] [ASSET] loaded FragShaderSrcAlphaBlend.frag (2320 bytes)
2026-09-14 01:38:42.853 [GLThread 21045] [ASSET] loaded VertShaderSrcBlend.vert (633 bytes)
2026-09-14 01:38:42.856 [GLThread 21045] [ASSET] loaded FragShaderSrcBlend.frag (1170 bytes)
2026-09-14 01:38:42.859 [GLThread 21045] [ASSET] loaded FragShaderSrcColorBlend.frag (7737 bytes)
2026-09-14 01:38:42.863 [GLThread 21045] [ASSET] loaded FragShaderSrcAlphaBlend.frag (2320 bytes)
2026-09-14 01:38:42.901 [GLThread 21045] [ASSET] loaded VertShaderSrcMaskedBlend.vert (688 bytes)
2026-09-14 01:38:42.904 [GLThread 21045] [ASSET] loaded FragShaderSrcMaskBlend.frag (1450 bytes)
2026-09-14 01:38:42.908 [GLThread 21045] [ASSET] loaded FragShaderSrcColorBlend.frag (7737 bytes)
2026-09-14 01:38:42.912 [GLThread 21045] [ASSET] loaded FragShaderSrcAlphaBlend.frag (2320 bytes)
2026-09-14 01:38:42.981 [GLThread 21045] [ASSET] loaded VertShaderSrcMaskedBlend.vert (688 bytes)
2026-09-14 01:38:42.985 [GLThread 21045] [ASSET] loaded FragShaderSrcMaskInvertedBlend.frag (1458 bytes)
2026-09-14 01:38:42.988 [GLThread 21045] [ASSET] loaded FragShaderSrcColorBlend.frag (7737 bytes)
2026-09-14 01:38:42.992 [GLThread 21045] [ASSET] loaded FragShaderSrcAlphaBlend.frag (2320 bytes)
2026-09-14 01:38:43.042 [GLThread 21045] [ASSET] loaded VertShaderSrcBlend.vert (633 bytes)
2026-09-14 01:38:43.045 [GLThread 21045] [ASSET] loaded FragShaderSrcPremultipliedAlphaBlend.frag (1216 bytes)
2026-09-14 01:38:43.048 [GLThread 21045] [ASSET] loaded FragShaderSrcColorBlend.frag (7737 bytes)
2026-09-14 01:38:43.051 [GLThread 21045] [ASSET] loaded FragShaderSrcAlphaBlend.frag (2320 bytes)
2026-09-14 01:38:43.089 [GLThread 21045] [ASSET] loaded VertShaderSrcMaskedBlend.vert (688 bytes)
2026-09-14 01:38:43.093 [GLThread 21045] [ASSET] loaded FragShaderSrcMaskPremultipliedAlphaBlend.frag (1497 bytes)
2026-09-14 01:38:43.096 [GLThread 21045] [ASSET] loaded FragShaderSrcColorBlend.frag (7737 bytes)
2026-09-14 01:38:43.099 [GLThread 21045] [ASSET] loaded FragShaderSrcAlphaBlend.frag (2320 bytes)
2026-09-14 01:38:43.150 [GLThread 21045] [ASSET] loaded VertShaderSrcMaskedBlend.vert (688 bytes)
2026-09-14 01:38:43.153 [GLThread 21045] [ASSET] loaded FragShaderSrcMaskInvertedPremultipliedAlphaBlend.frag (1505 bytes)
2026-09-14 01:38:43.157 [GLThread 21045] [ASSET] loaded FragShaderSrcColorBlend.frag (7737 bytes)
2026-09-14 01:38:43.160 [GLThread 21045] [ASSET] loaded FragShaderSrcAlphaBlend.frag (2320 bytes)
2026-09-14 01:38:43.210 [GLThread 21045] [ASSET] loaded VertShaderSrcBlend.vert (633 bytes)
2026-09-14 01:38:43.216 [GLThread 21045] [ASSET] loaded FragShaderSrcBlend.frag (1170 bytes)
2026-09-14 01:38:43.219 [GLThread 21045] [ASSET] loaded FragShaderSrcColorBlend.frag (7737 bytes)
2026-09-14 01:38:43.223 [GLThread 21045] [ASSET] loaded FragShaderSrcAlphaBlend.frag (2320 bytes)
2026-09-14 01:38:43.261 [GLThread 21045] [ASSET] loaded VertShaderSrcMaskedBlend.vert (688 bytes)
2026-09-14 01:38:43.265 [GLThread 21045] [ASSET] loaded FragShaderSrcMaskBlend.frag (1450 bytes)
2026-09-14 01:38:43.268 [GLThread 21045] [ASSET] loaded FragShaderSrcColorBlend.frag (7737 bytes)
2026-09-14 01:38:43.271 [GLThread 21045] [ASSET] loaded FragShaderSrcAlphaBlend.frag (2320 bytes)
2026-09-14 01:38:43.321 [GLThread 21045] [ASSET] loaded VertShaderSrcMaskedBlend.vert (688 bytes)
2026-09-14 01:38:43.324 [GLThread 21045] [ASSET] loaded FragShaderSrcMaskInvertedBlend.frag (1458 bytes)
2026-09-14 01:38:43.328 [GLThread 21045] [ASSET] loaded FragShaderSrcColorBlend.frag (7737 bytes)
2026-09-14 01:38:43.332 [GLThread 21045] [ASSET] loaded FragShaderSrcAlphaBlend.frag (2320 bytes)
2026-09-14 01:38:43.381 [GLThread 21045] [ASSET] loaded VertShaderSrcBlend.vert (633 bytes)
2026-09-14 01:38:43.385 [GLThread 21045] [ASSET] loaded FragShaderSrcPremultipliedAlphaBlend.frag (1216 bytes)
2026-09-14 01:38:43.388 [GLThread 21045] [ASSET] loaded FragShaderSrcColorBlend.frag (7737 bytes)
2026-09-14 01:38:43.392 [GLThread 21045] [ASSET] loaded FragShaderSrcAlphaBlend.frag (2320 bytes)
2026-09-14 01:38:43.433 [GLThread 21045] [ASSET] loaded VertShaderSrcMaskedBlend.vert (688 bytes)
2026-09-14 01:38:43.436 [GLThread 21045] [ASSET] loaded FragShaderSrcMaskPremultipliedAlphaBlend.frag (1497 bytes)
2026-09-14 01:38:43.440 [GLThread 21045] [ASSET] loaded FragShaderSrcColorBlend.frag (7737 bytes)
2026-09-14 01:38:43.443 [GLThread 21045] [ASSET] loaded FragShaderSrcAlphaBlend.frag (2320 bytes)
2026-09-14 01:38:43.496 [GLThread 21045] [ASSET] loaded VertShaderSrcMaskedBlend.vert (688 bytes)
2026-09-14 01:38:43.499 [GLThread 21045] [ASSET] loaded FragShaderSrcMaskInvertedPremultipliedAlphaBlend.frag (1505 bytes)
2026-09-14 01:38:43.504 [GLThread 21045] [ASSET] loaded FragShaderSrcColorBlend.frag (7737 bytes)
2026-09-14 01:38:43.508 [GLThread 21045] [ASSET] loaded FragShaderSrcAlphaBlend.frag (2320 bytes)
2026-09-14 01:38:43.563 [GLThread 21045] [ASSET] loaded VertShaderSrcBlend.vert (633 bytes)
2026-09-14 01:38:43.567 [GLThread 21045] [ASSET] loaded FragShaderSrcBlend.frag (1170 bytes)
2026-09-14 01:38:43.570 [GLThread 21045] [ASSET] loaded FragShaderSrcColorBlend.frag (7737 bytes)
2026-09-14 01:38:43.574 [GLThread 21045] [ASSET] loaded FragShaderSrcAlphaBlend.frag (2320 bytes)
2026-09-14 01:38:43.614 [GLThread 21045] [ASSET] loaded VertShaderSrcMaskedBlend.vert (688 bytes)
2026-09-14 01:38:43.617 [GLThread 21045] [ASSET] loaded FragShaderSrcMaskBlend.frag (1450 bytes)
2026-09-14 01:38:43.622 [GLThread 21045] [ASSET] loaded FragShaderSrcColorBlend.frag (7737 bytes)
2026-09-14 01:38:43.625 [GLThread 21045] [ASSET] loaded FragShaderSrcAlphaBlend.frag (2320 bytes)
2026-09-14 01:38:43.676 [GLThread 21045] [ASSET] loaded VertShaderSrcMaskedBlend.vert (688 bytes)
2026-09-14 01:38:43.679 [GLThread 21045] [ASSET] loaded FragShaderSrcMaskInvertedBlend.frag (1458 bytes)
2026-09-14 01:38:43.683 [GLThread 21045] [ASSET] loaded FragShaderSrcColorBlend.frag (7737 bytes)
2026-09-14 01:38:43.687 [GLThread 21045] [ASSET] loaded FragShaderSrcAlphaBlend.frag (2320 bytes)
2026-09-14 01:38:43.741 [GLThread 21045] [ASSET] loaded VertShaderSrcBlend.vert (633 bytes)
2026-09-14 01:38:43.744 [GLThread 21045] [ASSET] loaded FragShaderSrcPremultipliedAlphaBlend.frag (1216 bytes)
2026-09-14 01:38:43.746 [GLThread 21045] [ASSET] loaded FragShaderSrcColorBlend.frag (7737 bytes)
2026-09-14 01:38:43.749 [GLThread 21045] [ASSET] loaded FragShaderSrcAlphaBlend.frag (2320 bytes)
2026-09-14 01:38:43.785 [GLThread 21045] [ASSET] loaded VertShaderSrcMaskedBlend.vert (688 bytes)
2026-09-14 01:38:43.787 [GLThread 21045] [ASSET] loaded FragShaderSrcMaskPremultipliedAlphaBlend.frag (1497 bytes)
2026-09-14 01:38:43.790 [GLThread 21045] [ASSET] loaded FragShaderSrcColorBlend.frag (7737 bytes)
2026-09-14 01:38:43.793 [GLThread 21045] [ASSET] loaded FragShaderSrcAlphaBlend.frag (2320 bytes)
2026-09-14 01:38:43.840 [GLThread 21045] [ASSET] loaded VertShaderSrcMaskedBlend.vert (688 bytes)
2026-09-14 01:38:43.844 [GLThread 21045] [ASSET] loaded FragShaderSrcMaskInvertedPremultipliedAlphaBlend.frag (1505 bytes)
2026-09-14 01:38:43.846 [GLThread 21045] [ASSET] loaded FragShaderSrcColorBlend.frag (7737 bytes)
2026-09-14 01:38:43.849 [GLThread 21045] [ASSET] loaded FragShaderSrcAlphaBlend.frag (2320 bytes)
2026-09-14 01:38:43.899 [GLThread 21045] [ASSET] loaded VertShaderSrcBlend.vert (633 bytes)
2026-09-14 01:38:43.903 [GLThread 21045] [ASSET] loaded FragShaderSrcBlend.frag (1170 bytes)
2026-09-14 01:38:43.905 [GLThread 21045] [ASSET] loaded FragShaderSrcColorBlend.frag (7737 bytes)
2026-09-14 01:38:43.908 [GLThread 21045] [ASSET] loaded FragShaderSrcAlphaBlend.frag (2320 bytes)
2026-09-14 01:38:43.943 [GLThread 21045] [ASSET] loaded VertShaderSrcMaskedBlend.vert (688 bytes)
2026-09-14 01:38:43.947 [GLThread 21045] [ASSET] loaded FragShaderSrcMaskBlend.frag (1450 bytes)
2026-09-14 01:38:43.949 [GLThread 21045] [ASSET] loaded FragShaderSrcColorBlend.frag (7737 bytes)
2026-09-14 01:38:43.953 [GLThread 21045] [ASSET] loaded FragShaderSrcAlphaBlend.frag (2320 bytes)
2026-09-14 01:38:43.997 [GLThread 21045] [ASSET] loaded VertShaderSrcMaskedBlend.vert (688 bytes)
2026-09-14 01:38:44.000 [GLThread 21045] [ASSET] loaded FragShaderSrcMaskInvertedBlend.frag (1458 bytes)
2026-09-14 01:38:44.003 [GLThread 21045] [ASSET] loaded FragShaderSrcColorBlend.frag (7737 bytes)
2026-09-14 01:38:44.006 [GLThread 21045] [ASSET] loaded FragShaderSrcAlphaBlend.frag (2320 bytes)
2026-09-14 01:38:44.050 [GLThread 21045] [ASSET] loaded VertShaderSrcBlend.vert (633 bytes)
2026-09-14 01:38:44.054 [GLThread 21045] [ASSET] loaded FragShaderSrcPremultipliedAlphaBlend.frag (1216 bytes)
2026-09-14 01:38:44.057 [GLThread 21045] [ASSET] loaded FragShaderSrcColorBlend.frag (7737 bytes)
2026-09-14 01:38:44.060 [GLThread 21045] [ASSET] loaded FragShaderSrcAlphaBlend.frag (2320 bytes)
2026-09-14 01:38:44.095 [GLThread 21045] [ASSET] loaded VertShaderSrcMaskedBlend.vert (688 bytes)
2026-09-14 01:38:44.098 [GLThread 21045] [ASSET] loaded FragShaderSrcMaskPremultipliedAlphaBlend.frag (1497 bytes)
2026-09-14 01:38:44.101 [GLThread 21045] [ASSET] loaded FragShaderSrcColorBlend.frag (7737 bytes)
2026-09-14 01:38:44.104 [GLThread 21045] [ASSET] loaded FragShaderSrcAlphaBlend.frag (2320 bytes)
2026-09-14 01:38:44.151 [GLThread 21045] [ASSET] loaded VertShaderSrcMaskedBlend.vert (688 bytes)
2026-09-14 01:38:44.154 [GLThread 21045] [ASSET] loaded FragShaderSrcMaskInvertedPremultipliedAlphaBlend.frag (1505 bytes)
2026-09-14 01:38:44.157 [GLThread 21045] [ASSET] loaded FragShaderSrcColorBlend.frag (7737 bytes)
2026-09-14 01:38:44.160 [GLThread 21045] [ASSET] loaded FragShaderSrcAlphaBlend.frag (2320 bytes)
2026-09-14 01:38:44.206 [GLThread 21045] [ASSET] loaded VertShaderSrcBlend.vert (633 bytes)
2026-09-14 01:38:44.209 [GLThread 21045] [ASSET] loaded FragShaderSrcBlend.frag (1170 bytes)
2026-09-14 01:38:44.212 [GLThread 21045] [ASSET] loaded FragShaderSrcColorBlend.frag (7737 bytes)
2026-09-14 01:38:44.215 [GLThread 21045] [ASSET] loaded FragShaderSrcAlphaBlend.frag (2320 bytes)
2026-09-14 01:38:44.248 [GLThread 21045] [ASSET] loaded VertShaderSrcMaskedBlend.vert (688 bytes)
2026-09-14 01:38:44.252 [GLThread 21045] [ASSET] loaded FragShaderSrcMaskBlend.frag (1450 bytes)
2026-09-14 01:38:44.255 [GLThread 21045] [ASSET] loaded FragShaderSrcColorBlend.frag (7737 bytes)
2026-09-14 01:38:44.258 [GLThread 21045] [ASSET] loaded FragShaderSrcAlphaBlend.frag (2320 bytes)
2026-09-14 01:38:44.302 [GLThread 21045] [ASSET] loaded VertShaderSrcMaskedBlend.vert (688 bytes)
2026-09-14 01:38:44.305 [GLThread 21045] [ASSET] loaded FragShaderSrcMaskInvertedBlend.frag (1458 bytes)
2026-09-14 01:38:44.308 [GLThread 21045] [ASSET] loaded FragShaderSrcColorBlend.frag (7737 bytes)
2026-09-14 01:38:44.311 [GLThread 21045] [ASSET] loaded FragShaderSrcAlphaBlend.frag (2320 bytes)
2026-09-14 01:38:44.356 [GLThread 21045] [ASSET] loaded VertShaderSrcBlend.vert (633 bytes)
2026-09-14 01:38:44.359 [GLThread 21045] [ASSET] loaded FragShaderSrcPremultipliedAlphaBlend.frag (1216 bytes)
2026-09-14 01:38:44.362 [GLThread 21045] [ASSET] loaded FragShaderSrcColorBlend.frag (7737 bytes)
2026-09-14 01:38:44.365 [GLThread 21045] [ASSET] loaded FragShaderSrcAlphaBlend.frag (2320 bytes)
2026-09-14 01:38:44.400 [GLThread 21045] [ASSET] loaded VertShaderSrcMaskedBlend.vert (688 bytes)
2026-09-14 01:38:44.403 [GLThread 21045] [ASSET] loaded FragShaderSrcMaskPremultipliedAlphaBlend.frag (1497 bytes)
2026-09-14 01:38:44.406 [GLThread 21045] [ASSET] loaded FragShaderSrcColorBlend.frag (7737 bytes)
2026-09-14 01:38:44.409 [GLThread 21045] [ASSET] loaded FragShaderSrcAlphaBlend.frag (2320 bytes)
2026-09-14 01:38:44.455 [GLThread 21045] [ASSET] loaded VertShaderSrcMaskedBlend.vert (688 bytes)
2026-09-14 01:38:44.458 [GLThread 21045] [ASSET] loaded FragShaderSrcMaskInvertedPremultipliedAlphaBlend.frag (1505 bytes)
2026-09-14 01:38:44.461 [GLThread 21045] [ASSET] loaded FragShaderSrcColorBlend.frag (7737 bytes)
2026-09-14 01:38:44.464 [GLThread 21045] [ASSET] loaded FragShaderSrcAlphaBlend.frag (2320 bytes)
2026-09-14 01:38:44.510 [GLThread 21045] [ASSET] loaded VertShaderSrcBlend.vert (633 bytes)
2026-09-14 01:38:44.513 [GLThread 21045] [ASSET] loaded FragShaderSrcBlend.frag (1170 bytes)
2026-09-14 01:38:44.516 [GLThread 21045] [ASSET] loaded FragShaderSrcColorBlend.frag (7737 bytes)
2026-09-14 01:38:44.519 [GLThread 21045] [ASSET] loaded FragShaderSrcAlphaBlend.frag (2320 bytes)
2026-09-14 01:38:44.553 [GLThread 21045] [ASSET] loaded VertShaderSrcMaskedBlend.vert (688 bytes)
2026-09-14 01:38:44.556 [GLThread 21045] [ASSET] loaded FragShaderSrcMaskBlend.frag (1450 bytes)
2026-09-14 01:38:44.560 [GLThread 21045] [ASSET] loaded FragShaderSrcColorBlend.frag (7737 bytes)
2026-09-14 01:38:44.574 [GLThread 21045] [ASSET] loaded FragShaderSrcAlphaBlend.frag (2320 bytes)
2026-09-14 01:38:44.616 [GLThread 21045] [ASSET] loaded VertShaderSrcMaskedBlend.vert (688 bytes)
2026-09-14 01:38:44.619 [GLThread 21045] [ASSET] loaded FragShaderSrcMaskInvertedBlend.frag (1458 bytes)
2026-09-14 01:38:44.622 [GLThread 21045] [ASSET] loaded FragShaderSrcColorBlend.frag (7737 bytes)
2026-09-14 01:38:44.625 [GLThread 21045] [ASSET] loaded FragShaderSrcAlphaBlend.frag (2320 bytes)
2026-09-14 01:38:44.669 [GLThread 21045] [ASSET] loaded VertShaderSrcBlend.vert (633 bytes)
2026-09-14 01:38:44.672 [GLThread 21045] [ASSET] loaded FragShaderSrcPremultipliedAlphaBlend.frag (1216 bytes)
2026-09-14 01:38:44.675 [GLThread 21045] [ASSET] loaded FragShaderSrcColorBlend.frag (7737 bytes)
2026-09-14 01:38:44.677 [GLThread 21045] [ASSET] loaded FragShaderSrcAlphaBlend.frag (2320 bytes)
2026-09-14 01:38:44.710 [GLThread 21045] [ASSET] loaded VertShaderSrcMaskedBlend.vert (688 bytes)
2026-09-14 01:38:44.713 [GLThread 21045] [ASSET] loaded FragShaderSrcMaskPremultipliedAlphaBlend.frag (1497 bytes)
2026-09-14 01:38:44.716 [GLThread 21045] [ASSET] loaded FragShaderSrcColorBlend.frag (7737 bytes)
2026-09-14 01:38:44.719 [GLThread 21045] [ASSET] loaded FragShaderSrcAlphaBlend.frag (2320 bytes)
2026-09-14 01:38:44.765 [GLThread 21045] [ASSET] loaded VertShaderSrcMaskedBlend.vert (688 bytes)
2026-09-14 01:38:44.768 [GLThread 21045] [ASSET] loaded FragShaderSrcMaskInvertedPremultipliedAlphaBlend.frag (1505 bytes)
2026-09-14 01:38:44.771 [GLThread 21045] [ASSET] loaded FragShaderSrcColorBlend.frag (7737 bytes)
2026-09-14 01:38:44.774 [GLThread 21045] [ASSET] loaded FragShaderSrcAlphaBlend.frag (2320 bytes)
2026-09-14 01:38:44.826 [GLThread 21045] [ASSET] loaded VertShaderSrcBlend.vert (633 bytes)
2026-09-14 01:38:44.829 [GLThread 21045] [ASSET] loaded FragShaderSrcBlend.frag (1170 bytes)
2026-09-14 01:38:44.833 [GLThread 21045] [ASSET] loaded FragShaderSrcColorBlend.frag (7737 bytes)
2026-09-14 01:38:44.836 [GLThread 21045] [ASSET] loaded FragShaderSrcAlphaBlend.frag (2320 bytes)
2026-09-14 01:38:44.872 [GLThread 21045] [ASSET] loaded VertShaderSrcMaskedBlend.vert (688 bytes)
2026-09-14 01:38:44.875 [GLThread 21045] [ASSET] loaded FragShaderSrcMaskBlend.frag (1450 bytes)
2026-09-14 01:38:44.878 [GLThread 21045] [ASSET] loaded FragShaderSrcColorBlend.frag (7737 bytes)
2026-09-14 01:38:44.882 [GLThread 21045] [ASSET] loaded FragShaderSrcAlphaBlend.frag (2320 bytes)
2026-09-14 01:38:44.931 [GLThread 21045] [ASSET] loaded VertShaderSrcMaskedBlend.vert (688 bytes)
2026-09-14 01:38:44.934 [GLThread 21045] [ASSET] loaded FragShaderSrcMaskInvertedBlend.frag (1458 bytes)
2026-09-14 01:38:44.938 [GLThread 21045] [ASSET] loaded FragShaderSrcColorBlend.frag (7737 bytes)
2026-09-14 01:38:44.941 [GLThread 21045] [ASSET] loaded FragShaderSrcAlphaBlend.frag (2320 bytes)
2026-09-14 01:38:44.990 [GLThread 21045] [ASSET] loaded VertShaderSrcBlend.vert (633 bytes)
2026-09-14 01:38:44.993 [GLThread 21045] [ASSET] loaded FragShaderSrcPremultipliedAlphaBlend.frag (1216 bytes)
2026-09-14 01:38:44.996 [GLThread 21045] [ASSET] loaded FragShaderSrcColorBlend.frag (7737 bytes)
2026-09-14 01:38:44.999 [GLThread 21045] [ASSET] loaded FragShaderSrcAlphaBlend.frag (2320 bytes)
2026-09-14 01:38:45.037 [GLThread 21045] [ASSET] loaded VertShaderSrcMaskedBlend.vert (688 bytes)
2026-09-14 01:38:45.040 [GLThread 21045] [ASSET] loaded FragShaderSrcMaskPremultipliedAlphaBlend.frag (1497 bytes)
2026-09-14 01:38:45.043 [GLThread 21045] [ASSET] loaded FragShaderSrcColorBlend.frag (7737 bytes)
2026-09-14 01:38:45.046 [GLThread 21045] [ASSET] loaded FragShaderSrcAlphaBlend.frag (2320 bytes)
2026-09-14 01:38:45.099 [GLThread 21045] [ASSET] loaded VertShaderSrcMaskedBlend.vert (688 bytes)
2026-09-14 01:38:45.102 [GLThread 21045] [ASSET] loaded FragShaderSrcMaskInvertedPremultipliedAlphaBlend.frag (1505 bytes)
2026-09-14 01:38:45.106 [GLThread 21045] [ASSET] loaded FragShaderSrcColorBlend.frag (7737 bytes)
2026-09-14 01:38:45.109 [GLThread 21045] [ASSET] loaded FragShaderSrcAlphaBlend.frag (2320 bytes)
2026-09-14 01:38:45.157 [GLThread 21045] [ASSET] loaded VertShaderSrcBlend.vert (633 bytes)
2026-09-14 01:38:45.160 [GLThread 21045] [ASSET] loaded FragShaderSrcBlend.frag (1170 bytes)
2026-09-14 01:38:45.164 [GLThread 21045] [ASSET] loaded FragShaderSrcColorBlend.frag (7737 bytes)
2026-09-14 01:38:45.167 [GLThread 21045] [ASSET] loaded FragShaderSrcAlphaBlend.frag (2320 bytes)
2026-09-14 01:38:45.203 [GLThread 21045] [ASSET] loaded VertShaderSrcMaskedBlend.vert (688 bytes)
2026-09-14 01:38:45.206 [GLThread 21045] [ASSET] loaded FragShaderSrcMaskBlend.frag (1450 bytes)
2026-09-14 01:38:45.209 [GLThread 21045] [ASSET] loaded FragShaderSrcColorBlend.frag (7737 bytes)
2026-09-14 01:38:45.212 [GLThread 21045] [ASSET] loaded FragShaderSrcAlphaBlend.frag (2320 bytes)
2026-09-14 01:38:45.260 [GLThread 21045] [ASSET] loaded VertShaderSrcMaskedBlend.vert (688 bytes)
2026-09-14 01:38:45.263 [GLThread 21045] [ASSET] loaded FragShaderSrcMaskInvertedBlend.frag (1458 bytes)
2026-09-14 01:38:45.266 [GLThread 21045] [ASSET] loaded FragShaderSrcColorBlend.frag (7737 bytes)
2026-09-14 01:38:45.270 [GLThread 21045] [ASSET] loaded FragShaderSrcAlphaBlend.frag (2320 bytes)
2026-09-14 01:38:45.319 [GLThread 21045] [ASSET] loaded VertShaderSrcBlend.vert (633 bytes)
2026-09-14 01:38:45.323 [GLThread 21045] [ASSET] loaded FragShaderSrcPremultipliedAlphaBlend.frag (1216 bytes)
2026-09-14 01:38:45.326 [GLThread 21045] [ASSET] loaded FragShaderSrcColorBlend.frag (7737 bytes)
2026-09-14 01:38:45.329 [GLThread 21045] [ASSET] loaded FragShaderSrcAlphaBlend.frag (2320 bytes)
2026-09-14 01:38:45.366 [GLThread 21045] [ASSET] loaded VertShaderSrcMaskedBlend.vert (688 bytes)
2026-09-14 01:38:45.370 [GLThread 21045] [ASSET] loaded FragShaderSrcMaskPremultipliedAlphaBlend.frag (1497 bytes)
2026-09-14 01:38:45.373 [GLThread 21045] [ASSET] loaded FragShaderSrcColorBlend.frag (7737 bytes)
2026-09-14 01:38:45.376 [GLThread 21045] [ASSET] loaded FragShaderSrcAlphaBlend.frag (2320 bytes)
2026-09-14 01:38:45.426 [GLThread 21045] [ASSET] loaded VertShaderSrcMaskedBlend.vert (688 bytes)
2026-09-14 01:38:45.429 [GLThread 21045] [ASSET] loaded FragShaderSrcMaskInvertedPremultipliedAlphaBlend.frag (1505 bytes)
2026-09-14 01:38:45.432 [GLThread 21045] [ASSET] loaded FragShaderSrcColorBlend.frag (7737 bytes)
2026-09-14 01:38:45.436 [GLThread 21045] [ASSET] loaded FragShaderSrcAlphaBlend.frag (2320 bytes)
2026-09-14 01:38:45.486 [GLThread 21045] [ASSET] loaded VertShaderSrcBlend.vert (633 bytes)
2026-09-14 01:38:45.489 [GLThread 21045] [ASSET] loaded FragShaderSrcBlend.frag (1170 bytes)
2026-09-14 01:38:45.492 [GLThread 21045] [ASSET] loaded FragShaderSrcColorBlend.frag (7737 bytes)
2026-09-14 01:38:45.496 [GLThread 21045] [ASSET] loaded FragShaderSrcAlphaBlend.frag (2320 bytes)
2026-09-14 01:38:45.531 [GLThread 21045] [ASSET] loaded VertShaderSrcMaskedBlend.vert (688 bytes)
2026-09-14 01:38:45.534 [GLThread 21045] [ASSET] loaded FragShaderSrcMaskBlend.frag (1450 bytes)
2026-09-14 01:38:45.538 [GLThread 21045] [ASSET] loaded FragShaderSrcColorBlend.frag (7737 bytes)
2026-09-14 01:38:45.542 [GLThread 21045] [ASSET] loaded FragShaderSrcAlphaBlend.frag (2320 bytes)
2026-09-14 01:38:45.589 [GLThread 21045] [ASSET] loaded VertShaderSrcMaskedBlend.vert (688 bytes)
2026-09-14 01:38:45.593 [GLThread 21045] [ASSET] loaded FragShaderSrcMaskInvertedBlend.frag (1458 bytes)
2026-09-14 01:38:45.596 [GLThread 21045] [ASSET] loaded FragShaderSrcColorBlend.frag (7737 bytes)
2026-09-14 01:38:45.599 [GLThread 21045] [ASSET] loaded FragShaderSrcAlphaBlend.frag (2320 bytes)
2026-09-14 01:38:45.646 [GLThread 21045] [ASSET] loaded VertShaderSrcBlend.vert (633 bytes)
2026-09-14 01:38:45.649 [GLThread 21045] [ASSET] loaded FragShaderSrcPremultipliedAlphaBlend.frag (1216 bytes)
2026-09-14 01:38:45.652 [GLThread 21045] [ASSET] loaded FragShaderSrcColorBlend.frag (7737 bytes)
2026-09-14 01:38:45.655 [GLThread 21045] [ASSET] loaded FragShaderSrcAlphaBlend.frag (2320 bytes)
2026-09-14 01:38:45.692 [GLThread 21045] [ASSET] loaded VertShaderSrcMaskedBlend.vert (688 bytes)
2026-09-14 01:38:45.695 [GLThread 21045] [ASSET] loaded FragShaderSrcMaskPremultipliedAlphaBlend.frag (1497 bytes)
2026-09-14 01:38:45.698 [GLThread 21045] [ASSET] loaded FragShaderSrcColorBlend.frag (7737 bytes)
2026-09-14 01:38:45.702 [GLThread 21045] [ASSET] loaded FragShaderSrcAlphaBlend.frag (2320 bytes)
2026-09-14 01:38:45.751 [GLThread 21045] [ASSET] loaded VertShaderSrcMaskedBlend.vert (688 bytes)
2026-09-14 01:38:45.755 [GLThread 21045] [ASSET] loaded FragShaderSrcMaskInvertedPremultipliedAlphaBlend.frag (1505 bytes)
2026-09-14 01:38:45.759 [GLThread 21045] [ASSET] loaded FragShaderSrcColorBlend.frag (7737 bytes)
2026-09-14 01:38:45.762 [GLThread 21045] [ASSET] loaded FragShaderSrcAlphaBlend.frag (2320 bytes)
2026-09-14 01:38:45.842 [GLThread 21045] [ASSET] loaded VertShaderSrcBlend.vert (633 bytes)
2026-09-14 01:38:45.845 [GLThread 21045] [ASSET] loaded FragShaderSrcBlend.frag (1170 bytes)
2026-09-14 01:38:45.849 [GLThread 21045] [ASSET] loaded FragShaderSrcColorBlend.frag (7737 bytes)
2026-09-14 01:38:45.853 [GLThread 21045] [ASSET] loaded FragShaderSrcAlphaBlend.frag (2320 bytes)
2026-09-14 01:38:45.887 [GLThread 21045] [ASSET] loaded VertShaderSrcMaskedBlend.vert (688 bytes)
2026-09-14 01:38:45.890 [GLThread 21045] [ASSET] loaded FragShaderSrcMaskBlend.frag (1450 bytes)
2026-09-14 01:38:45.894 [GLThread 21045] [ASSET] loaded FragShaderSrcColorBlend.frag (7737 bytes)
2026-09-14 01:38:45.897 [GLThread 21045] [ASSET] loaded FragShaderSrcAlphaBlend.frag (2320 bytes)
2026-09-14 01:38:45.944 [GLThread 21045] [ASSET] loaded VertShaderSrcMaskedBlend.vert (688 bytes)
2026-09-14 01:38:45.947 [GLThread 21045] [ASSET] loaded FragShaderSrcMaskInvertedBlend.frag (1458 bytes)
2026-09-14 01:38:45.951 [GLThread 21045] [ASSET] loaded FragShaderSrcColorBlend.frag (7737 bytes)
2026-09-14 01:38:45.954 [GLThread 21045] [ASSET] loaded FragShaderSrcAlphaBlend.frag (2320 bytes)
2026-09-14 01:38:46.000 [GLThread 21045] [ASSET] loaded VertShaderSrcBlend.vert (633 bytes)
2026-09-14 01:38:46.004 [GLThread 21045] [ASSET] loaded FragShaderSrcPremultipliedAlphaBlend.frag (1216 bytes)
2026-09-14 01:38:46.007 [GLThread 21045] [ASSET] loaded FragShaderSrcColorBlend.frag (7737 bytes)
2026-09-14 01:38:46.010 [GLThread 21045] [ASSET] loaded FragShaderSrcAlphaBlend.frag (2320 bytes)
2026-09-14 01:38:46.047 [GLThread 21045] [ASSET] loaded VertShaderSrcMaskedBlend.vert (688 bytes)
2026-09-14 01:38:46.050 [GLThread 21045] [ASSET] loaded FragShaderSrcMaskPremultipliedAlphaBlend.frag (1497 bytes)
2026-09-14 01:38:46.054 [GLThread 21045] [ASSET] loaded FragShaderSrcColorBlend.frag (7737 bytes)
2026-09-14 01:38:46.058 [GLThread 21045] [ASSET] loaded FragShaderSrcAlphaBlend.frag (2320 bytes)
2026-09-14 01:38:46.114 [GLThread 21045] [ASSET] loaded VertShaderSrcMaskedBlend.vert (688 bytes)
2026-09-14 01:38:46.119 [GLThread 21045] [ASSET] loaded FragShaderSrcMaskInvertedPremultipliedAlphaBlend.frag (1505 bytes)
2026-09-14 01:38:46.123 [GLThread 21045] [ASSET] loaded FragShaderSrcColorBlend.frag (7737 bytes)
2026-09-14 01:38:46.125 [GLThread 21045] [ASSET] loaded FragShaderSrcAlphaBlend.frag (2320 bytes)
2026-09-14 01:38:46.176 [GLThread 21045] [ASSET] loaded VertShaderSrcBlend.vert (633 bytes)
2026-09-14 01:38:46.179 [GLThread 21045] [ASSET] loaded FragShaderSrcBlend.frag (1170 bytes)
2026-09-14 01:38:46.182 [GLThread 21045] [ASSET] loaded FragShaderSrcColorBlend.frag (7737 bytes)
2026-09-14 01:38:46.185 [GLThread 21045] [ASSET] loaded FragShaderSrcAlphaBlend.frag (2320 bytes)
2026-09-14 01:38:46.217 [GLThread 21045] [ASSET] loaded VertShaderSrcMaskedBlend.vert (688 bytes)
2026-09-14 01:38:46.219 [GLThread 21045] [ASSET] loaded FragShaderSrcMaskBlend.frag (1450 bytes)
2026-09-14 01:38:46.222 [GLThread 21045] [ASSET] loaded FragShaderSrcColorBlend.frag (7737 bytes)
2026-09-14 01:38:46.225 [GLThread 21045] [ASSET] loaded FragShaderSrcAlphaBlend.frag (2320 bytes)
2026-09-14 01:38:46.270 [GLThread 21045] [ASSET] loaded VertShaderSrcMaskedBlend.vert (688 bytes)
2026-09-14 01:38:46.273 [GLThread 21045] [ASSET] loaded FragShaderSrcMaskInvertedBlend.frag (1458 bytes)
2026-09-14 01:38:46.276 [GLThread 21045] [ASSET] loaded FragShaderSrcColorBlend.frag (7737 bytes)
2026-09-14 01:38:46.279 [GLThread 21045] [ASSET] loaded FragShaderSrcAlphaBlend.frag (2320 bytes)
2026-09-14 01:38:46.325 [GLThread 21045] [ASSET] loaded VertShaderSrcBlend.vert (633 bytes)
2026-09-14 01:38:46.328 [GLThread 21045] [ASSET] loaded FragShaderSrcPremultipliedAlphaBlend.frag (1216 bytes)
2026-09-14 01:38:46.331 [GLThread 21045] [ASSET] loaded FragShaderSrcColorBlend.frag (7737 bytes)
2026-09-14 01:38:46.335 [GLThread 21045] [ASSET] loaded FragShaderSrcAlphaBlend.frag (2320 bytes)
2026-09-14 01:38:46.373 [GLThread 21045] [ASSET] loaded VertShaderSrcMaskedBlend.vert (688 bytes)
2026-09-14 01:38:46.376 [GLThread 21045] [ASSET] loaded FragShaderSrcMaskPremultipliedAlphaBlend.frag (1497 bytes)
2026-09-14 01:38:46.379 [GLThread 21045] [ASSET] loaded FragShaderSrcColorBlend.frag (7737 bytes)
2026-09-14 01:38:46.382 [GLThread 21045] [ASSET] loaded FragShaderSrcAlphaBlend.frag (2320 bytes)
2026-09-14 01:38:46.430 [GLThread 21045] [ASSET] loaded VertShaderSrcMaskedBlend.vert (688 bytes)
2026-09-14 01:38:46.434 [GLThread 21045] [ASSET] loaded FragShaderSrcMaskInvertedPremultipliedAlphaBlend.frag (1505 bytes)
2026-09-14 01:38:46.438 [GLThread 21045] [ASSET] loaded FragShaderSrcColorBlend.frag (7737 bytes)
2026-09-14 01:38:46.442 [GLThread 21045] [ASSET] loaded FragShaderSrcAlphaBlend.frag (2320 bytes)
2026-09-14 01:38:46.489 [GLThread 21045] [ASSET] loaded VertShaderSrcBlend.vert (633 bytes)
2026-09-14 01:38:46.492 [GLThread 21045] [ASSET] loaded FragShaderSrcBlend.frag (1170 bytes)
2026-09-14 01:38:46.495 [GLThread 21045] [ASSET] loaded FragShaderSrcColorBlend.frag (7737 bytes)
2026-09-14 01:38:46.498 [GLThread 21045] [ASSET] loaded FragShaderSrcAlphaBlend.frag (2320 bytes)
2026-09-14 01:38:46.535 [GLThread 21045] [ASSET] loaded VertShaderSrcMaskedBlend.vert (688 bytes)
2026-09-14 01:38:46.538 [GLThread 21045] [ASSET] loaded FragShaderSrcMaskBlend.frag (1450 bytes)
2026-09-14 01:38:46.541 [GLThread 21045] [ASSET] loaded FragShaderSrcColorBlend.frag (7737 bytes)
2026-09-14 01:38:46.544 [GLThread 21045] [ASSET] loaded FragShaderSrcAlphaBlend.frag (2320 bytes)
2026-09-14 01:38:46.591 [GLThread 21045] [ASSET] loaded VertShaderSrcMaskedBlend.vert (688 bytes)
2026-09-14 01:38:46.594 [GLThread 21045] [ASSET] loaded FragShaderSrcMaskInvertedBlend.frag (1458 bytes)
2026-09-14 01:38:46.597 [GLThread 21045] [ASSET] loaded FragShaderSrcColorBlend.frag (7737 bytes)
2026-09-14 01:38:46.600 [GLThread 21045] [ASSET] loaded FragShaderSrcAlphaBlend.frag (2320 bytes)
2026-09-14 01:38:46.648 [GLThread 21045] [ASSET] loaded VertShaderSrcBlend.vert (633 bytes)
2026-09-14 01:38:46.651 [GLThread 21045] [ASSET] loaded FragShaderSrcPremultipliedAlphaBlend.frag (1216 bytes)
2026-09-14 01:38:46.654 [GLThread 21045] [ASSET] loaded FragShaderSrcColorBlend.frag (7737 bytes)
2026-09-14 01:38:46.657 [GLThread 21045] [ASSET] loaded FragShaderSrcAlphaBlend.frag (2320 bytes)
2026-09-14 01:38:46.694 [GLThread 21045] [ASSET] loaded VertShaderSrcMaskedBlend.vert (688 bytes)
2026-09-14 01:38:46.697 [GLThread 21045] [ASSET] loaded FragShaderSrcMaskPremultipliedAlphaBlend.frag (1497 bytes)
2026-09-14 01:38:46.700 [GLThread 21045] [ASSET] loaded FragShaderSrcColorBlend.frag (7737 bytes)
2026-09-14 01:38:46.704 [GLThread 21045] [ASSET] loaded FragShaderSrcAlphaBlend.frag (2320 bytes)
2026-09-14 01:38:46.754 [GLThread 21045] [ASSET] loaded VertShaderSrcMaskedBlend.vert (688 bytes)
2026-09-14 01:38:46.757 [GLThread 21045] [ASSET] loaded FragShaderSrcMaskInvertedPremultipliedAlphaBlend.frag (1505 bytes)
2026-09-14 01:38:46.760 [GLThread 21045] [ASSET] loaded FragShaderSrcColorBlend.frag (7737 bytes)
2026-09-14 01:38:46.763 [GLThread 21045] [ASSET] loaded FragShaderSrcAlphaBlend.frag (2320 bytes)
2026-09-14 01:38:46.813 [GLThread 21045] [ASSET] loaded VertShaderSrcBlend.vert (633 bytes)
2026-09-14 01:38:46.815 [GLThread 21045] [ASSET] loaded FragShaderSrcBlend.frag (1170 bytes)
2026-09-14 01:38:46.819 [GLThread 21045] [ASSET] loaded FragShaderSrcColorBlend.frag (7737 bytes)
2026-09-14 01:38:46.822 [GLThread 21045] [ASSET] loaded FragShaderSrcAlphaBlend.frag (2320 bytes)
2026-09-14 01:38:46.857 [GLThread 21045] [ASSET] loaded VertShaderSrcMaskedBlend.vert (688 bytes)
2026-09-14 01:38:46.860 [GLThread 21045] [ASSET] loaded FragShaderSrcMaskBlend.frag (1450 bytes)
2026-09-14 01:38:46.864 [GLThread 21045] [ASSET] loaded FragShaderSrcColorBlend.frag (7737 bytes)
2026-09-14 01:38:46.867 [GLThread 21045] [ASSET] loaded FragShaderSrcAlphaBlend.frag (2320 bytes)
2026-09-14 01:38:46.914 [GLThread 21045] [ASSET] loaded VertShaderSrcMaskedBlend.vert (688 bytes)
2026-09-14 01:38:46.918 [GLThread 21045] [ASSET] loaded FragShaderSrcMaskInvertedBlend.frag (1458 bytes)
2026-09-14 01:38:46.922 [GLThread 21045] [ASSET] loaded FragShaderSrcColorBlend.frag (7737 bytes)
2026-09-14 01:38:46.925 [GLThread 21045] [ASSET] loaded FragShaderSrcAlphaBlend.frag (2320 bytes)
2026-09-14 01:38:46.972 [GLThread 21045] [ASSET] loaded VertShaderSrcBlend.vert (633 bytes)
2026-09-14 01:38:46.975 [GLThread 21045] [ASSET] loaded FragShaderSrcPremultipliedAlphaBlend.frag (1216 bytes)
2026-09-14 01:38:46.978 [GLThread 21045] [ASSET] loaded FragShaderSrcColorBlend.frag (7737 bytes)
2026-09-14 01:38:46.981 [GLThread 21045] [ASSET] loaded FragShaderSrcAlphaBlend.frag (2320 bytes)
2026-09-14 01:38:47.018 [GLThread 21045] [ASSET] loaded VertShaderSrcMaskedBlend.vert (688 bytes)
2026-09-14 01:38:47.022 [GLThread 21045] [ASSET] loaded FragShaderSrcMaskPremultipliedAlphaBlend.frag (1497 bytes)
2026-09-14 01:38:47.025 [GLThread 21045] [ASSET] loaded FragShaderSrcColorBlend.frag (7737 bytes)
2026-09-14 01:38:47.028 [GLThread 21045] [ASSET] loaded FragShaderSrcAlphaBlend.frag (2320 bytes)
2026-09-14 01:38:47.077 [GLThread 21045] [ASSET] loaded VertShaderSrcMaskedBlend.vert (688 bytes)
2026-09-14 01:38:47.080 [GLThread 21045] [ASSET] loaded FragShaderSrcMaskInvertedPremultipliedAlphaBlend.frag (1505 bytes)
2026-09-14 01:38:47.084 [GLThread 21045] [ASSET] loaded FragShaderSrcColorBlend.frag (7737 bytes)
2026-09-14 01:38:47.087 [GLThread 21045] [ASSET] loaded FragShaderSrcAlphaBlend.frag (2320 bytes)
2026-09-14 01:38:47.136 [GLThread 21045] [ASSET] loaded VertShaderSrcBlend.vert (633 bytes)
2026-09-14 01:38:47.138 [GLThread 21045] [ASSET] loaded FragShaderSrcBlend.frag (1170 bytes)
2026-09-14 01:38:47.142 [GLThread 21045] [ASSET] loaded FragShaderSrcColorBlend.frag (7737 bytes)
2026-09-14 01:38:47.146 [GLThread 21045] [ASSET] loaded FragShaderSrcAlphaBlend.frag (2320 bytes)
2026-09-14 01:38:47.180 [GLThread 21045] [ASSET] loaded VertShaderSrcMaskedBlend.vert (688 bytes)
2026-09-14 01:38:47.183 [GLThread 21045] [ASSET] loaded FragShaderSrcMaskBlend.frag (1450 bytes)
2026-09-14 01:38:47.186 [GLThread 21045] [ASSET] loaded FragShaderSrcColorBlend.frag (7737 bytes)
2026-09-14 01:38:47.189 [GLThread 21045] [ASSET] loaded FragShaderSrcAlphaBlend.frag (2320 bytes)
2026-09-14 01:38:47.235 [GLThread 21045] [ASSET] loaded VertShaderSrcMaskedBlend.vert (688 bytes)
2026-09-14 01:38:47.237 [GLThread 21045] [ASSET] loaded FragShaderSrcMaskInvertedBlend.frag (1458 bytes)
2026-09-14 01:38:47.240 [GLThread 21045] [ASSET] loaded FragShaderSrcColorBlend.frag (7737 bytes)
2026-09-14 01:38:47.242 [GLThread 21045] [ASSET] loaded FragShaderSrcAlphaBlend.frag (2320 bytes)
2026-09-14 01:38:47.287 [GLThread 21045] [ASSET] loaded VertShaderSrcBlend.vert (633 bytes)
2026-09-14 01:38:47.290 [GLThread 21045] [ASSET] loaded FragShaderSrcPremultipliedAlphaBlend.frag (1216 bytes)
2026-09-14 01:38:47.293 [GLThread 21045] [ASSET] loaded FragShaderSrcColorBlend.frag (7737 bytes)
2026-09-14 01:38:47.296 [GLThread 21045] [ASSET] loaded FragShaderSrcAlphaBlend.frag (2320 bytes)
2026-09-14 01:38:47.332 [GLThread 21045] [ASSET] loaded VertShaderSrcMaskedBlend.vert (688 bytes)
2026-09-14 01:38:47.335 [GLThread 21045] [ASSET] loaded FragShaderSrcMaskPremultipliedAlphaBlend.frag (1497 bytes)
2026-09-14 01:38:47.338 [GLThread 21045] [ASSET] loaded FragShaderSrcColorBlend.frag (7737 bytes)
2026-09-14 01:38:47.341 [GLThread 21045] [ASSET] loaded FragShaderSrcAlphaBlend.frag (2320 bytes)
2026-09-14 01:38:47.393 [GLThread 21045] [ASSET] loaded VertShaderSrcMaskedBlend.vert (688 bytes)
2026-09-14 01:38:47.396 [GLThread 21045] [ASSET] loaded FragShaderSrcMaskInvertedPremultipliedAlphaBlend.frag (1505 bytes)
2026-09-14 01:38:47.398 [GLThread 21045] [ASSET] loaded FragShaderSrcColorBlend.frag (7737 bytes)
2026-09-14 01:38:47.402 [GLThread 21045] [ASSET] loaded FragShaderSrcAlphaBlend.frag (2320 bytes)
2026-09-14 01:38:47.453 [GLThread 21045] [ASSET] loaded VertShaderSrcBlend.vert (633 bytes)
2026-09-14 01:38:47.456 [GLThread 21045] [ASSET] loaded FragShaderSrcBlend.frag (1170 bytes)
2026-09-14 01:38:47.459 [GLThread 21045] [ASSET] loaded FragShaderSrcColorBlend.frag (7737 bytes)
2026-09-14 01:38:47.462 [GLThread 21045] [ASSET] loaded FragShaderSrcAlphaBlend.frag (2320 bytes)
2026-09-14 01:38:47.496 [GLThread 21045] [ASSET] loaded VertShaderSrcMaskedBlend.vert (688 bytes)
2026-09-14 01:38:47.498 [GLThread 21045] [ASSET] loaded FragShaderSrcMaskBlend.frag (1450 bytes)
2026-09-14 01:38:47.502 [GLThread 21045] [ASSET] loaded FragShaderSrcColorBlend.frag (7737 bytes)
2026-09-14 01:38:47.504 [GLThread 21045] [ASSET] loaded FragShaderSrcAlphaBlend.frag (2320 bytes)
2026-09-14 01:38:47.549 [GLThread 21045] [ASSET] loaded VertShaderSrcMaskedBlend.vert (688 bytes)
2026-09-14 01:38:47.551 [GLThread 21045] [ASSET] loaded FragShaderSrcMaskInvertedBlend.frag (1458 bytes)
2026-09-14 01:38:47.554 [GLThread 21045] [ASSET] loaded FragShaderSrcColorBlend.frag (7737 bytes)
2026-09-14 01:38:47.557 [GLThread 21045] [ASSET] loaded FragShaderSrcAlphaBlend.frag (2320 bytes)
2026-09-14 01:38:47.603 [GLThread 21045] [ASSET] loaded VertShaderSrcBlend.vert (633 bytes)
2026-09-14 01:38:47.605 [GLThread 21045] [ASSET] loaded FragShaderSrcPremultipliedAlphaBlend.frag (1216 bytes)
2026-09-14 01:38:47.608 [GLThread 21045] [ASSET] loaded FragShaderSrcColorBlend.frag (7737 bytes)
2026-09-14 01:38:47.611 [GLThread 21045] [ASSET] loaded FragShaderSrcAlphaBlend.frag (2320 bytes)
2026-09-14 01:38:47.648 [GLThread 21045] [ASSET] loaded VertShaderSrcMaskedBlend.vert (688 bytes)
2026-09-14 01:38:47.651 [GLThread 21045] [ASSET] loaded FragShaderSrcMaskPremultipliedAlphaBlend.frag (1497 bytes)
2026-09-14 01:38:47.654 [GLThread 21045] [ASSET] loaded FragShaderSrcColorBlend.frag (7737 bytes)
2026-09-14 01:38:47.656 [GLThread 21045] [ASSET] loaded FragShaderSrcAlphaBlend.frag (2320 bytes)
2026-09-14 01:38:47.703 [GLThread 21045] [ASSET] loaded VertShaderSrcMaskedBlend.vert (688 bytes)
2026-09-14 01:38:47.707 [GLThread 21045] [ASSET] loaded FragShaderSrcMaskInvertedPremultipliedAlphaBlend.frag (1505 bytes)
2026-09-14 01:38:47.711 [GLThread 21045] [ASSET] loaded FragShaderSrcColorBlend.frag (7737 bytes)
2026-09-14 01:38:47.714 [GLThread 21045] [ASSET] loaded FragShaderSrcAlphaBlend.frag (2320 bytes)
2026-09-14 01:38:47.762 [GLThread 21045] [ASSET] loaded VertShaderSrcBlend.vert (633 bytes)
2026-09-14 01:38:47.765 [GLThread 21045] [ASSET] loaded FragShaderSrcBlend.frag (1170 bytes)
2026-09-14 01:38:47.768 [GLThread 21045] [ASSET] loaded FragShaderSrcColorBlend.frag (7737 bytes)
2026-09-14 01:38:47.770 [GLThread 21045] [ASSET] loaded FragShaderSrcAlphaBlend.frag (2320 bytes)
2026-09-14 01:38:47.808 [GLThread 21045] [ASSET] loaded VertShaderSrcMaskedBlend.vert (688 bytes)
2026-09-14 01:38:47.811 [GLThread 21045] [ASSET] loaded FragShaderSrcMaskBlend.frag (1450 bytes)
2026-09-14 01:38:47.814 [GLThread 21045] [ASSET] loaded FragShaderSrcColorBlend.frag (7737 bytes)
2026-09-14 01:38:47.817 [GLThread 21045] [ASSET] loaded FragShaderSrcAlphaBlend.frag (2320 bytes)
2026-09-14 01:38:47.867 [GLThread 21045] [ASSET] loaded VertShaderSrcMaskedBlend.vert (688 bytes)
2026-09-14 01:38:47.870 [GLThread 21045] [ASSET] loaded FragShaderSrcMaskInvertedBlend.frag (1458 bytes)
2026-09-14 01:38:47.873 [GLThread 21045] [ASSET] loaded FragShaderSrcColorBlend.frag (7737 bytes)
2026-09-14 01:38:47.876 [GLThread 21045] [ASSET] loaded FragShaderSrcAlphaBlend.frag (2320 bytes)
2026-09-14 01:38:47.931 [GLThread 21045] [ASSET] loaded VertShaderSrcBlend.vert (633 bytes)
2026-09-14 01:38:47.934 [GLThread 21045] [ASSET] loaded FragShaderSrcPremultipliedAlphaBlend.frag (1216 bytes)
2026-09-14 01:38:47.937 [GLThread 21045] [ASSET] loaded FragShaderSrcColorBlend.frag (7737 bytes)
2026-09-14 01:38:47.940 [GLThread 21045] [ASSET] loaded FragShaderSrcAlphaBlend.frag (2320 bytes)
2026-09-14 01:38:47.974 [GLThread 21045] [ASSET] loaded VertShaderSrcMaskedBlend.vert (688 bytes)
2026-09-14 01:38:47.977 [GLThread 21045] [ASSET] loaded FragShaderSrcMaskPremultipliedAlphaBlend.frag (1497 bytes)
2026-09-14 01:38:47.980 [GLThread 21045] [ASSET] loaded FragShaderSrcColorBlend.frag (7737 bytes)
2026-09-14 01:38:47.983 [GLThread 21045] [ASSET] loaded FragShaderSrcAlphaBlend.frag (2320 bytes)
2026-09-14 01:38:48.029 [GLThread 21045] [ASSET] loaded VertShaderSrcMaskedBlend.vert (688 bytes)
2026-09-14 01:38:48.032 [GLThread 21045] [ASSET] loaded FragShaderSrcMaskInvertedPremultipliedAlphaBlend.frag (1505 bytes)
2026-09-14 01:38:48.035 [GLThread 21045] [ASSET] loaded FragShaderSrcColorBlend.frag (7737 bytes)
2026-09-14 01:38:48.037 [GLThread 21045] [ASSET] loaded FragShaderSrcAlphaBlend.frag (2320 bytes)
2026-09-14 01:38:48.086 [GLThread 21045] [ASSET] loaded VertShaderSrcBlend.vert (633 bytes)
2026-09-14 01:38:48.089 [GLThread 21045] [ASSET] loaded FragShaderSrcBlend.frag (1170 bytes)
2026-09-14 01:38:48.093 [GLThread 21045] [ASSET] loaded FragShaderSrcColorBlend.frag (7737 bytes)
2026-09-14 01:38:48.095 [GLThread 21045] [ASSET] loaded FragShaderSrcAlphaBlend.frag (2320 bytes)
2026-09-14 01:38:48.129 [GLThread 21045] [ASSET] loaded VertShaderSrcMaskedBlend.vert (688 bytes)
2026-09-14 01:38:48.132 [GLThread 21045] [ASSET] loaded FragShaderSrcMaskBlend.frag (1450 bytes)
2026-09-14 01:38:48.136 [GLThread 21045] [ASSET] loaded FragShaderSrcColorBlend.frag (7737 bytes)
2026-09-14 01:38:48.139 [GLThread 21045] [ASSET] loaded FragShaderSrcAlphaBlend.frag (2320 bytes)
2026-09-14 01:38:48.185 [GLThread 21045] [ASSET] loaded VertShaderSrcMaskedBlend.vert (688 bytes)
2026-09-14 01:38:48.188 [GLThread 21045] [ASSET] loaded FragShaderSrcMaskInvertedBlend.frag (1458 bytes)
2026-09-14 01:38:48.191 [GLThread 21045] [ASSET] loaded FragShaderSrcColorBlend.frag (7737 bytes)
2026-09-14 01:38:48.194 [GLThread 21045] [ASSET] loaded FragShaderSrcAlphaBlend.frag (2320 bytes)
2026-09-14 01:38:48.239 [GLThread 21045] [ASSET] loaded VertShaderSrcBlend.vert (633 bytes)
2026-09-14 01:38:48.242 [GLThread 21045] [ASSET] loaded FragShaderSrcPremultipliedAlphaBlend.frag (1216 bytes)
2026-09-14 01:38:48.245 [GLThread 21045] [ASSET] loaded FragShaderSrcColorBlend.frag (7737 bytes)
2026-09-14 01:38:48.247 [GLThread 21045] [ASSET] loaded FragShaderSrcAlphaBlend.frag (2320 bytes)
2026-09-14 01:38:48.283 [GLThread 21045] [ASSET] loaded VertShaderSrcMaskedBlend.vert (688 bytes)
2026-09-14 01:38:48.286 [GLThread 21045] [ASSET] loaded FragShaderSrcMaskPremultipliedAlphaBlend.frag (1497 bytes)
2026-09-14 01:38:48.289 [GLThread 21045] [ASSET] loaded FragShaderSrcColorBlend.frag (7737 bytes)
2026-09-14 01:38:48.292 [GLThread 21045] [ASSET] loaded FragShaderSrcAlphaBlend.frag (2320 bytes)
2026-09-14 01:38:48.339 [GLThread 21045] [ASSET] loaded VertShaderSrcMaskedBlend.vert (688 bytes)
2026-09-14 01:38:48.344 [GLThread 21045] [ASSET] loaded FragShaderSrcMaskInvertedPremultipliedAlphaBlend.frag (1505 bytes)
2026-09-14 01:38:48.347 [GLThread 21045] [ASSET] loaded FragShaderSrcColorBlend.frag (7737 bytes)
2026-09-14 01:38:48.351 [GLThread 21045] [ASSET] loaded FragShaderSrcAlphaBlend.frag (2320 bytes)
2026-09-14 01:38:48.400 [GLThread 21045] [ASSET] loaded VertShaderSrcBlend.vert (633 bytes)
2026-09-14 01:38:48.403 [GLThread 21045] [ASSET] loaded FragShaderSrcBlend.frag (1170 bytes)
2026-09-14 01:38:48.406 [GLThread 21045] [ASSET] loaded FragShaderSrcColorBlend.frag (7737 bytes)
2026-09-14 01:38:48.408 [GLThread 21045] [ASSET] loaded FragShaderSrcAlphaBlend.frag (2320 bytes)
2026-09-14 01:38:48.444 [GLThread 21045] [ASSET] loaded VertShaderSrcMaskedBlend.vert (688 bytes)
2026-09-14 01:38:48.447 [GLThread 21045] [ASSET] loaded FragShaderSrcMaskBlend.frag (1450 bytes)
2026-09-14 01:38:48.450 [GLThread 21045] [ASSET] loaded FragShaderSrcColorBlend.frag (7737 bytes)
2026-09-14 01:38:48.453 [GLThread 21045] [ASSET] loaded FragShaderSrcAlphaBlend.frag (2320 bytes)
2026-09-14 01:38:48.500 [GLThread 21045] [ASSET] loaded VertShaderSrcMaskedBlend.vert (688 bytes)
2026-09-14 01:38:48.504 [GLThread 21045] [ASSET] loaded FragShaderSrcMaskInvertedBlend.frag (1458 bytes)
2026-09-14 01:38:48.508 [GLThread 21045] [ASSET] loaded FragShaderSrcColorBlend.frag (7737 bytes)
2026-09-14 01:38:48.512 [GLThread 21045] [ASSET] loaded FragShaderSrcAlphaBlend.frag (2320 bytes)
2026-09-14 01:38:48.559 [GLThread 21045] [ASSET] loaded VertShaderSrcBlend.vert (633 bytes)
2026-09-14 01:38:48.562 [GLThread 21045] [ASSET] loaded FragShaderSrcPremultipliedAlphaBlend.frag (1216 bytes)
2026-09-14 01:38:48.565 [GLThread 21045] [ASSET] loaded FragShaderSrcColorBlend.frag (7737 bytes)
2026-09-14 01:38:48.568 [GLThread 21045] [ASSET] loaded FragShaderSrcAlphaBlend.frag (2320 bytes)
2026-09-14 01:38:48.604 [GLThread 21045] [ASSET] loaded VertShaderSrcMaskedBlend.vert (688 bytes)
2026-09-14 01:38:48.607 [GLThread 21045] [ASSET] loaded FragShaderSrcMaskPremultipliedAlphaBlend.frag (1497 bytes)
2026-09-14 01:38:48.610 [GLThread 21045] [ASSET] loaded FragShaderSrcColorBlend.frag (7737 bytes)
2026-09-14 01:38:48.614 [GLThread 21045] [ASSET] loaded FragShaderSrcAlphaBlend.frag (2320 bytes)
2026-09-14 01:38:48.663 [GLThread 21045] [ASSET] loaded VertShaderSrcMaskedBlend.vert (688 bytes)
2026-09-14 01:38:48.666 [GLThread 21045] [ASSET] loaded FragShaderSrcMaskInvertedPremultipliedAlphaBlend.frag (1505 bytes)
2026-09-14 01:38:48.669 [GLThread 21045] [ASSET] loaded FragShaderSrcColorBlend.frag (7737 bytes)
2026-09-14 01:38:48.672 [GLThread 21045] [ASSET] loaded FragShaderSrcAlphaBlend.frag (2320 bytes)
2026-09-14 01:38:48.721 [GLThread 21045] [ASSET] loaded VertShaderSrcBlend.vert (633 bytes)
2026-09-14 01:38:48.724 [GLThread 21045] [ASSET] loaded FragShaderSrcBlend.frag (1170 bytes)
2026-09-14 01:38:48.729 [GLThread 21045] [ASSET] loaded FragShaderSrcColorBlend.frag (7737 bytes)
2026-09-14 01:38:48.732 [GLThread 21045] [ASSET] loaded FragShaderSrcAlphaBlend.frag (2320 bytes)
2026-09-14 01:38:48.770 [GLThread 21045] [ASSET] loaded VertShaderSrcMaskedBlend.vert (688 bytes)
2026-09-14 01:38:48.774 [GLThread 21045] [ASSET] loaded FragShaderSrcMaskBlend.frag (1450 bytes)
2026-09-14 01:38:48.777 [GLThread 21045] [ASSET] loaded FragShaderSrcColorBlend.frag (7737 bytes)
2026-09-14 01:38:48.780 [GLThread 21045] [ASSET] loaded FragShaderSrcAlphaBlend.frag (2320 bytes)
2026-09-14 01:38:48.831 [GLThread 21045] [ASSET] loaded VertShaderSrcMaskedBlend.vert (688 bytes)
2026-09-14 01:38:48.834 [GLThread 21045] [ASSET] loaded FragShaderSrcMaskInvertedBlend.frag (1458 bytes)
2026-09-14 01:38:48.837 [GLThread 21045] [ASSET] loaded FragShaderSrcColorBlend.frag (7737 bytes)
2026-09-14 01:38:48.840 [GLThread 21045] [ASSET] loaded FragShaderSrcAlphaBlend.frag (2320 bytes)
2026-09-14 01:38:48.892 [GLThread 21045] [ASSET] loaded VertShaderSrcBlend.vert (633 bytes)
2026-09-14 01:38:48.895 [GLThread 21045] [ASSET] loaded FragShaderSrcPremultipliedAlphaBlend.frag (1216 bytes)
2026-09-14 01:38:48.899 [GLThread 21045] [ASSET] loaded FragShaderSrcColorBlend.frag (7737 bytes)
2026-09-14 01:38:48.903 [GLThread 21045] [ASSET] loaded FragShaderSrcAlphaBlend.frag (2320 bytes)
2026-09-14 01:38:48.945 [GLThread 21045] [ASSET] loaded VertShaderSrcMaskedBlend.vert (688 bytes)
2026-09-14 01:38:48.948 [GLThread 21045] [ASSET] loaded FragShaderSrcMaskPremultipliedAlphaBlend.frag (1497 bytes)
2026-09-14 01:38:48.952 [GLThread 21045] [ASSET] loaded FragShaderSrcColorBlend.frag (7737 bytes)
2026-09-14 01:38:48.955 [GLThread 21045] [ASSET] loaded FragShaderSrcAlphaBlend.frag (2320 bytes)
2026-09-14 01:38:49.007 [GLThread 21045] [ASSET] loaded VertShaderSrcMaskedBlend.vert (688 bytes)
2026-09-14 01:38:49.009 [GLThread 21045] [ASSET] loaded FragShaderSrcMaskInvertedPremultipliedAlphaBlend.frag (1505 bytes)
2026-09-14 01:38:49.012 [GLThread 21045] [ASSET] loaded FragShaderSrcColorBlend.frag (7737 bytes)
2026-09-14 01:38:49.015 [GLThread 21045] [ASSET] loaded FragShaderSrcAlphaBlend.frag (2320 bytes)
2026-09-14 01:38:49.067 [GLThread 21045] [ASSET] loaded VertShaderSrcBlend.vert (633 bytes)
2026-09-14 01:38:49.069 [GLThread 21045] [ASSET] loaded FragShaderSrcBlend.frag (1170 bytes)
2026-09-14 01:38:49.073 [GLThread 21045] [ASSET] loaded FragShaderSrcColorBlend.frag (7737 bytes)
2026-09-14 01:38:49.076 [GLThread 21045] [ASSET] loaded FragShaderSrcAlphaBlend.frag (2320 bytes)
2026-09-14 01:38:49.114 [GLThread 21045] [ASSET] loaded VertShaderSrcMaskedBlend.vert (688 bytes)
2026-09-14 01:38:49.117 [GLThread 21045] [ASSET] loaded FragShaderSrcMaskBlend.frag (1450 bytes)
2026-09-14 01:38:49.120 [GLThread 21045] [ASSET] loaded FragShaderSrcColorBlend.frag (7737 bytes)
2026-09-14 01:38:49.123 [GLThread 21045] [ASSET] loaded FragShaderSrcAlphaBlend.frag (2320 bytes)
2026-09-14 01:38:49.173 [GLThread 21045] [ASSET] loaded VertShaderSrcMaskedBlend.vert (688 bytes)
2026-09-14 01:38:49.176 [GLThread 21045] [ASSET] loaded FragShaderSrcMaskInvertedBlend.frag (1458 bytes)
2026-09-14 01:38:49.179 [GLThread 21045] [ASSET] loaded FragShaderSrcColorBlend.frag (7737 bytes)
2026-09-14 01:38:49.182 [GLThread 21045] [ASSET] loaded FragShaderSrcAlphaBlend.frag (2320 bytes)
2026-09-14 01:38:49.234 [GLThread 21045] [ASSET] loaded VertShaderSrcBlend.vert (633 bytes)
2026-09-14 01:38:49.237 [GLThread 21045] [ASSET] loaded FragShaderSrcPremultipliedAlphaBlend.frag (1216 bytes)
2026-09-14 01:38:49.240 [GLThread 21045] [ASSET] loaded FragShaderSrcColorBlend.frag (7737 bytes)
2026-09-14 01:38:49.243 [GLThread 21045] [ASSET] loaded FragShaderSrcAlphaBlend.frag (2320 bytes)
2026-09-14 01:38:49.283 [GLThread 21045] [ASSET] loaded VertShaderSrcMaskedBlend.vert (688 bytes)
2026-09-14 01:38:49.286 [GLThread 21045] [ASSET] loaded FragShaderSrcMaskPremultipliedAlphaBlend.frag (1497 bytes)
2026-09-14 01:38:49.289 [GLThread 21045] [ASSET] loaded FragShaderSrcColorBlend.frag (7737 bytes)
2026-09-14 01:38:49.291 [GLThread 21045] [ASSET] loaded FragShaderSrcAlphaBlend.frag (2320 bytes)
2026-09-14 01:38:49.344 [GLThread 21045] [ASSET] loaded VertShaderSrcMaskedBlend.vert (688 bytes)
2026-09-14 01:38:49.346 [GLThread 21045] [ASSET] loaded FragShaderSrcMaskInvertedPremultipliedAlphaBlend.frag (1505 bytes)
2026-09-14 01:38:49.349 [GLThread 21045] [ASSET] loaded FragShaderSrcColorBlend.frag (7737 bytes)
2026-09-14 01:38:49.351 [GLThread 21045] [ASSET] loaded FragShaderSrcAlphaBlend.frag (2320 bytes)
2026-09-14 01:38:49.398 [GLThread 21045] [ASSET] loaded VertShaderSrcBlend.vert (633 bytes)
2026-09-14 01:38:49.401 [GLThread 21045] [ASSET] loaded FragShaderSrcBlend.frag (1170 bytes)
2026-09-14 01:38:49.404 [GLThread 21045] [ASSET] loaded FragShaderSrcColorBlend.frag (7737 bytes)
2026-09-14 01:38:49.407 [GLThread 21045] [ASSET] loaded FragShaderSrcAlphaBlend.frag (2320 bytes)
2026-09-14 01:38:49.445 [GLThread 21045] [ASSET] loaded VertShaderSrcMaskedBlend.vert (688 bytes)
2026-09-14 01:38:49.447 [GLThread 21045] [ASSET] loaded FragShaderSrcMaskBlend.frag (1450 bytes)
2026-09-14 01:38:49.451 [GLThread 21045] [ASSET] loaded FragShaderSrcColorBlend.frag (7737 bytes)
2026-09-14 01:38:49.454 [GLThread 21045] [ASSET] loaded FragShaderSrcAlphaBlend.frag (2320 bytes)
2026-09-14 01:38:49.504 [GLThread 21045] [ASSET] loaded VertShaderSrcMaskedBlend.vert (688 bytes)
2026-09-14 01:38:49.507 [GLThread 21045] [ASSET] loaded FragShaderSrcMaskInvertedBlend.frag (1458 bytes)
2026-09-14 01:38:49.510 [GLThread 21045] [ASSET] loaded FragShaderSrcColorBlend.frag (7737 bytes)
2026-09-14 01:38:49.512 [GLThread 21045] [ASSET] loaded FragShaderSrcAlphaBlend.frag (2320 bytes)
2026-09-14 01:38:49.563 [GLThread 21045] [ASSET] loaded VertShaderSrcBlend.vert (633 bytes)
2026-09-14 01:38:49.565 [GLThread 21045] [ASSET] loaded FragShaderSrcPremultipliedAlphaBlend.frag (1216 bytes)
2026-09-14 01:38:49.568 [GLThread 21045] [ASSET] loaded FragShaderSrcColorBlend.frag (7737 bytes)
2026-09-14 01:38:49.571 [GLThread 21045] [ASSET] loaded FragShaderSrcAlphaBlend.frag (2320 bytes)
2026-09-14 01:38:49.610 [GLThread 21045] [ASSET] loaded VertShaderSrcMaskedBlend.vert (688 bytes)
2026-09-14 01:38:49.613 [GLThread 21045] [ASSET] loaded FragShaderSrcMaskPremultipliedAlphaBlend.frag (1497 bytes)
2026-09-14 01:38:49.617 [GLThread 21045] [ASSET] loaded FragShaderSrcColorBlend.frag (7737 bytes)
2026-09-14 01:38:49.619 [GLThread 21045] [ASSET] loaded FragShaderSrcAlphaBlend.frag (2320 bytes)
2026-09-14 01:38:49.672 [GLThread 21045] [ASSET] loaded VertShaderSrcMaskedBlend.vert (688 bytes)
2026-09-14 01:38:49.674 [GLThread 21045] [ASSET] loaded FragShaderSrcMaskInvertedPremultipliedAlphaBlend.frag (1505 bytes)
2026-09-14 01:38:49.677 [GLThread 21045] [ASSET] loaded FragShaderSrcColorBlend.frag (7737 bytes)
2026-09-14 01:38:49.679 [GLThread 21045] [ASSET] loaded FragShaderSrcAlphaBlend.frag (2320 bytes)
2026-09-14 01:38:49.733 [GLThread 21045] [ASSET] loaded VertShaderSrcBlend.vert (633 bytes)
2026-09-14 01:38:49.736 [GLThread 21045] [ASSET] loaded FragShaderSrcBlend.frag (1170 bytes)
2026-09-14 01:38:49.738 [GLThread 21045] [ASSET] loaded FragShaderSrcColorBlend.frag (7737 bytes)
2026-09-14 01:38:49.741 [GLThread 21045] [ASSET] loaded FragShaderSrcAlphaBlend.frag (2320 bytes)
2026-09-14 01:38:49.779 [GLThread 21045] [ASSET] loaded VertShaderSrcMaskedBlend.vert (688 bytes)
2026-09-14 01:38:49.783 [GLThread 21045] [ASSET] loaded FragShaderSrcMaskBlend.frag (1450 bytes)
2026-09-14 01:38:49.785 [GLThread 21045] [ASSET] loaded FragShaderSrcColorBlend.frag (7737 bytes)
2026-09-14 01:38:49.788 [GLThread 21045] [ASSET] loaded FragShaderSrcAlphaBlend.frag (2320 bytes)
2026-09-14 01:38:49.867 [GLThread 21045] [ASSET] loaded VertShaderSrcMaskedBlend.vert (688 bytes)
2026-09-14 01:38:49.870 [GLThread 21045] [ASSET] loaded FragShaderSrcMaskInvertedBlend.frag (1458 bytes)
2026-09-14 01:38:49.873 [GLThread 21045] [ASSET] loaded FragShaderSrcColorBlend.frag (7737 bytes)
2026-09-14 01:38:49.876 [GLThread 21045] [ASSET] loaded FragShaderSrcAlphaBlend.frag (2320 bytes)
2026-09-14 01:38:49.926 [GLThread 21045] [ASSET] loaded VertShaderSrcBlend.vert (633 bytes)
2026-09-14 01:38:49.929 [GLThread 21045] [ASSET] loaded FragShaderSrcPremultipliedAlphaBlend.frag (1216 bytes)
2026-09-14 01:38:49.932 [GLThread 21045] [ASSET] loaded FragShaderSrcColorBlend.frag (7737 bytes)
2026-09-14 01:38:49.934 [GLThread 21045] [ASSET] loaded FragShaderSrcAlphaBlend.frag (2320 bytes)
2026-09-14 01:38:49.974 [GLThread 21045] [ASSET] loaded VertShaderSrcMaskedBlend.vert (688 bytes)
2026-09-14 01:38:49.977 [GLThread 21045] [ASSET] loaded FragShaderSrcMaskPremultipliedAlphaBlend.frag (1497 bytes)
2026-09-14 01:38:49.979 [GLThread 21045] [ASSET] loaded FragShaderSrcColorBlend.frag (7737 bytes)
2026-09-14 01:38:49.983 [GLThread 21045] [ASSET] loaded FragShaderSrcAlphaBlend.frag (2320 bytes)
2026-09-14 01:38:50.033 [GLThread 21045] [ASSET] loaded VertShaderSrcMaskedBlend.vert (688 bytes)
2026-09-14 01:38:50.036 [GLThread 21045] [ASSET] loaded FragShaderSrcMaskInvertedPremultipliedAlphaBlend.frag (1505 bytes)
2026-09-14 01:38:50.039 [GLThread 21045] [ASSET] loaded FragShaderSrcColorBlend.frag (7737 bytes)
2026-09-14 01:38:50.041 [GLThread 21045] [ASSET] loaded FragShaderSrcAlphaBlend.frag (2320 bytes)
2026-09-14 01:38:50.094 [GLThread 21045] [ASSET] loaded VertShaderSrcBlend.vert (633 bytes)
2026-09-14 01:38:50.097 [GLThread 21045] [ASSET] loaded FragShaderSrcBlend.frag (1170 bytes)
2026-09-14 01:38:50.100 [GLThread 21045] [ASSET] loaded FragShaderSrcColorBlend.frag (7737 bytes)
2026-09-14 01:38:50.103 [GLThread 21045] [ASSET] loaded FragShaderSrcAlphaBlend.frag (2320 bytes)
2026-09-14 01:38:50.141 [GLThread 21045] [ASSET] loaded VertShaderSrcMaskedBlend.vert (688 bytes)
2026-09-14 01:38:50.144 [GLThread 21045] [ASSET] loaded FragShaderSrcMaskBlend.frag (1450 bytes)
2026-09-14 01:38:50.146 [GLThread 21045] [ASSET] loaded FragShaderSrcColorBlend.frag (7737 bytes)
2026-09-14 01:38:50.149 [GLThread 21045] [ASSET] loaded FragShaderSrcAlphaBlend.frag (2320 bytes)
2026-09-14 01:38:50.199 [GLThread 21045] [ASSET] loaded VertShaderSrcMaskedBlend.vert (688 bytes)
2026-09-14 01:38:50.202 [GLThread 21045] [ASSET] loaded FragShaderSrcMaskInvertedBlend.frag (1458 bytes)
2026-09-14 01:38:50.205 [GLThread 21045] [ASSET] loaded FragShaderSrcColorBlend.frag (7737 bytes)
2026-09-14 01:38:50.207 [GLThread 21045] [ASSET] loaded FragShaderSrcAlphaBlend.frag (2320 bytes)
2026-09-14 01:38:50.257 [GLThread 21045] [ASSET] loaded VertShaderSrcBlend.vert (633 bytes)
2026-09-14 01:38:50.259 [GLThread 21045] [ASSET] loaded FragShaderSrcPremultipliedAlphaBlend.frag (1216 bytes)
2026-09-14 01:38:50.262 [GLThread 21045] [ASSET] loaded FragShaderSrcColorBlend.frag (7737 bytes)
2026-09-14 01:38:50.265 [GLThread 21045] [ASSET] loaded FragShaderSrcAlphaBlend.frag (2320 bytes)
2026-09-14 01:38:50.305 [GLThread 21045] [ASSET] loaded VertShaderSrcMaskedBlend.vert (688 bytes)
2026-09-14 01:38:50.307 [GLThread 21045] [ASSET] loaded FragShaderSrcMaskPremultipliedAlphaBlend.frag (1497 bytes)
2026-09-14 01:38:50.310 [GLThread 21045] [ASSET] loaded FragShaderSrcColorBlend.frag (7737 bytes)
2026-09-14 01:38:50.312 [GLThread 21045] [ASSET] loaded FragShaderSrcAlphaBlend.frag (2320 bytes)
2026-09-14 01:38:50.363 [GLThread 21045] [ASSET] loaded VertShaderSrcMaskedBlend.vert (688 bytes)
2026-09-14 01:38:50.366 [GLThread 21045] [ASSET] loaded FragShaderSrcMaskInvertedPremultipliedAlphaBlend.frag (1505 bytes)
2026-09-14 01:38:50.369 [GLThread 21045] [ASSET] loaded FragShaderSrcColorBlend.frag (7737 bytes)
2026-09-14 01:38:50.371 [GLThread 21045] [ASSET] loaded FragShaderSrcAlphaBlend.frag (2320 bytes)
2026-09-14 01:38:50.423 [GLThread 21045] [ASSET] loaded VertShaderSrcBlend.vert (633 bytes)
2026-09-14 01:38:50.426 [GLThread 21045] [ASSET] loaded FragShaderSrcBlend.frag (1170 bytes)
2026-09-14 01:38:50.428 [GLThread 21045] [ASSET] loaded FragShaderSrcColorBlend.frag (7737 bytes)
2026-09-14 01:38:50.431 [GLThread 21045] [ASSET] loaded FragShaderSrcAlphaBlend.frag (2320 bytes)
2026-09-14 01:38:50.467 [GLThread 21045] [ASSET] loaded VertShaderSrcMaskedBlend.vert (688 bytes)
2026-09-14 01:38:50.469 [GLThread 21045] [ASSET] loaded FragShaderSrcMaskBlend.frag (1450 bytes)
2026-09-14 01:38:50.471 [GLThread 21045] [ASSET] loaded FragShaderSrcColorBlend.frag (7737 bytes)
2026-09-14 01:38:50.473 [GLThread 21045] [ASSET] loaded FragShaderSrcAlphaBlend.frag (2320 bytes)
2026-09-14 01:38:50.515 [GLThread 21045] [ASSET] loaded VertShaderSrcMaskedBlend.vert (688 bytes)
2026-09-14 01:38:50.517 [GLThread 21045] [ASSET] loaded FragShaderSrcMaskInvertedBlend.frag (1458 bytes)
2026-09-14 01:38:50.519 [GLThread 21045] [ASSET] loaded FragShaderSrcColorBlend.frag (7737 bytes)
2026-09-14 01:38:50.521 [GLThread 21045] [ASSET] loaded FragShaderSrcAlphaBlend.frag (2320 bytes)
2026-09-14 01:38:50.564 [GLThread 21045] [ASSET] loaded VertShaderSrcBlend.vert (633 bytes)
2026-09-14 01:38:50.566 [GLThread 21045] [ASSET] loaded FragShaderSrcPremultipliedAlphaBlend.frag (1216 bytes)
2026-09-14 01:38:50.569 [GLThread 21045] [ASSET] loaded FragShaderSrcColorBlend.frag (7737 bytes)
2026-09-14 01:38:50.571 [GLThread 21045] [ASSET] loaded FragShaderSrcAlphaBlend.frag (2320 bytes)
2026-09-14 01:38:50.608 [GLThread 21045] [ASSET] loaded VertShaderSrcMaskedBlend.vert (688 bytes)
2026-09-14 01:38:50.610 [GLThread 21045] [ASSET] loaded FragShaderSrcMaskPremultipliedAlphaBlend.frag (1497 bytes)
2026-09-14 01:38:50.613 [GLThread 21045] [ASSET] loaded FragShaderSrcColorBlend.frag (7737 bytes)
2026-09-14 01:38:50.615 [GLThread 21045] [ASSET] loaded FragShaderSrcAlphaBlend.frag (2320 bytes)
2026-09-14 01:38:50.662 [GLThread 21045] [ASSET] loaded VertShaderSrcMaskedBlend.vert (688 bytes)
2026-09-14 01:38:50.664 [GLThread 21045] [ASSET] loaded FragShaderSrcMaskInvertedPremultipliedAlphaBlend.frag (1505 bytes)
2026-09-14 01:38:50.666 [GLThread 21045] [ASSET] loaded FragShaderSrcColorBlend.frag (7737 bytes)
2026-09-14 01:38:50.669 [GLThread 21045] [ASSET] loaded FragShaderSrcAlphaBlend.frag (2320 bytes)
2026-09-14 01:38:50.716 [GLThread 21045] [ASSET] loaded VertShaderSrcBlend.vert (633 bytes)
2026-09-14 01:38:50.719 [GLThread 21045] [ASSET] loaded FragShaderSrcBlend.frag (1170 bytes)
2026-09-14 01:38:50.721 [GLThread 21045] [ASSET] loaded FragShaderSrcColorBlend.frag (7737 bytes)
2026-09-14 01:38:50.723 [GLThread 21045] [ASSET] loaded FragShaderSrcAlphaBlend.frag (2320 bytes)
2026-09-14 01:38:50.758 [GLThread 21045] [ASSET] loaded VertShaderSrcMaskedBlend.vert (688 bytes)
2026-09-14 01:38:50.760 [GLThread 21045] [ASSET] loaded FragShaderSrcMaskBlend.frag (1450 bytes)
2026-09-14 01:38:50.763 [GLThread 21045] [ASSET] loaded FragShaderSrcColorBlend.frag (7737 bytes)
2026-09-14 01:38:50.765 [GLThread 21045] [ASSET] loaded FragShaderSrcAlphaBlend.frag (2320 bytes)
2026-09-14 01:38:50.811 [GLThread 21045] [ASSET] loaded VertShaderSrcMaskedBlend.vert (688 bytes)
2026-09-14 01:38:50.813 [GLThread 21045] [ASSET] loaded FragShaderSrcMaskInvertedBlend.frag (1458 bytes)
2026-09-14 01:38:50.815 [GLThread 21045] [ASSET] loaded FragShaderSrcColorBlend.frag (7737 bytes)
2026-09-14 01:38:50.818 [GLThread 21045] [ASSET] loaded FragShaderSrcAlphaBlend.frag (2320 bytes)
2026-09-14 01:38:50.864 [GLThread 21045] [ASSET] loaded VertShaderSrcBlend.vert (633 bytes)
2026-09-14 01:38:50.866 [GLThread 21045] [ASSET] loaded FragShaderSrcPremultipliedAlphaBlend.frag (1216 bytes)
2026-09-14 01:38:50.868 [GLThread 21045] [ASSET] loaded FragShaderSrcColorBlend.frag (7737 bytes)
2026-09-14 01:38:50.871 [GLThread 21045] [ASSET] loaded FragShaderSrcAlphaBlend.frag (2320 bytes)
2026-09-14 01:38:50.907 [GLThread 21045] [ASSET] loaded VertShaderSrcMaskedBlend.vert (688 bytes)
2026-09-14 01:38:50.909 [GLThread 21045] [ASSET] loaded FragShaderSrcMaskPremultipliedAlphaBlend.frag (1497 bytes)
2026-09-14 01:38:50.912 [GLThread 21045] [ASSET] loaded FragShaderSrcColorBlend.frag (7737 bytes)
2026-09-14 01:38:50.914 [GLThread 21045] [ASSET] loaded FragShaderSrcAlphaBlend.frag (2320 bytes)
2026-09-14 01:38:50.961 [GLThread 21045] [ASSET] loaded VertShaderSrcMaskedBlend.vert (688 bytes)
2026-09-14 01:38:50.963 [GLThread 21045] [ASSET] loaded FragShaderSrcMaskInvertedPremultipliedAlphaBlend.frag (1505 bytes)
2026-09-14 01:38:50.966 [GLThread 21045] [ASSET] loaded FragShaderSrcColorBlend.frag (7737 bytes)
2026-09-14 01:38:50.968 [GLThread 21045] [ASSET] loaded FragShaderSrcAlphaBlend.frag (2320 bytes)
2026-09-14 01:38:51.014 [GLThread 21045] [ASSET] loaded VertShaderSrcBlend.vert (633 bytes)
2026-09-14 01:38:51.017 [GLThread 21045] [ASSET] loaded FragShaderSrcBlend.frag (1170 bytes)
2026-09-14 01:38:51.019 [GLThread 21045] [ASSET] loaded FragShaderSrcColorBlend.frag (7737 bytes)
2026-09-14 01:38:51.021 [GLThread 21045] [ASSET] loaded FragShaderSrcAlphaBlend.frag (2320 bytes)
2026-09-14 01:38:51.052 [GLThread 21045] [ASSET] loaded VertShaderSrcMaskedBlend.vert (688 bytes)
2026-09-14 01:38:51.055 [GLThread 21045] [ASSET] loaded FragShaderSrcMaskBlend.frag (1450 bytes)
2026-09-14 01:38:51.057 [GLThread 21045] [ASSET] loaded FragShaderSrcColorBlend.frag (7737 bytes)
2026-09-14 01:38:51.059 [GLThread 21045] [ASSET] loaded FragShaderSrcAlphaBlend.frag (2320 bytes)
2026-09-14 01:38:51.102 [GLThread 21045] [ASSET] loaded VertShaderSrcMaskedBlend.vert (688 bytes)
2026-09-14 01:38:51.104 [GLThread 21045] [ASSET] loaded FragShaderSrcMaskInvertedBlend.frag (1458 bytes)
2026-09-14 01:38:51.106 [GLThread 21045] [ASSET] loaded FragShaderSrcColorBlend.frag (7737 bytes)
2026-09-14 01:38:51.108 [GLThread 21045] [ASSET] loaded FragShaderSrcAlphaBlend.frag (2320 bytes)
2026-09-14 01:38:51.149 [GLThread 21045] [ASSET] loaded VertShaderSrcBlend.vert (633 bytes)
2026-09-14 01:38:51.151 [GLThread 21045] [ASSET] loaded FragShaderSrcPremultipliedAlphaBlend.frag (1216 bytes)
2026-09-14 01:38:51.153 [GLThread 21045] [ASSET] loaded FragShaderSrcColorBlend.frag (7737 bytes)
2026-09-14 01:38:51.155 [GLThread 21045] [ASSET] loaded FragShaderSrcAlphaBlend.frag (2320 bytes)
2026-09-14 01:38:51.189 [GLThread 21045] [ASSET] loaded VertShaderSrcMaskedBlend.vert (688 bytes)
2026-09-14 01:38:51.192 [GLThread 21045] [ASSET] loaded FragShaderSrcMaskPremultipliedAlphaBlend.frag (1497 bytes)
2026-09-14 01:38:51.194 [GLThread 21045] [ASSET] loaded FragShaderSrcColorBlend.frag (7737 bytes)
2026-09-14 01:38:51.195 [GLThread 21045] [ASSET] loaded FragShaderSrcAlphaBlend.frag (2320 bytes)
2026-09-14 01:38:51.242 [GLThread 21045] [ASSET] loaded VertShaderSrcMaskedBlend.vert (688 bytes)
2026-09-14 01:38:51.244 [GLThread 21045] [ASSET] loaded FragShaderSrcMaskInvertedPremultipliedAlphaBlend.frag (1505 bytes)
2026-09-14 01:38:51.247 [GLThread 21045] [ASSET] loaded FragShaderSrcColorBlend.frag (7737 bytes)
2026-09-14 01:38:51.249 [GLThread 21045] [ASSET] loaded FragShaderSrcAlphaBlend.frag (2320 bytes)
2026-09-14 01:38:51.296 [GLThread 21045] [ASSET] loaded VertShaderSrcBlend.vert (633 bytes)
2026-09-14 01:38:51.298 [GLThread 21045] [ASSET] loaded FragShaderSrcBlend.frag (1170 bytes)
2026-09-14 01:38:51.300 [GLThread 21045] [ASSET] loaded FragShaderSrcColorBlend.frag (7737 bytes)
2026-09-14 01:38:51.303 [GLThread 21045] [ASSET] loaded FragShaderSrcAlphaBlend.frag (2320 bytes)
2026-09-14 01:38:51.338 [GLThread 21045] [ASSET] loaded VertShaderSrcMaskedBlend.vert (688 bytes)
2026-09-14 01:38:51.340 [GLThread 21045] [ASSET] loaded FragShaderSrcMaskBlend.frag (1450 bytes)
2026-09-14 01:38:51.342 [GLThread 21045] [ASSET] loaded FragShaderSrcColorBlend.frag (7737 bytes)
2026-09-14 01:38:51.344 [GLThread 21045] [ASSET] loaded FragShaderSrcAlphaBlend.frag (2320 bytes)
2026-09-14 01:38:51.390 [GLThread 21045] [ASSET] loaded VertShaderSrcMaskedBlend.vert (688 bytes)
2026-09-14 01:38:51.393 [GLThread 21045] [ASSET] loaded FragShaderSrcMaskInvertedBlend.frag (1458 bytes)
2026-09-14 01:38:51.396 [GLThread 21045] [ASSET] loaded FragShaderSrcColorBlend.frag (7737 bytes)
2026-09-14 01:38:51.398 [GLThread 21045] [ASSET] loaded FragShaderSrcAlphaBlend.frag (2320 bytes)
2026-09-14 01:38:51.443 [GLThread 21045] [ASSET] loaded VertShaderSrcBlend.vert (633 bytes)
2026-09-14 01:38:51.445 [GLThread 21045] [ASSET] loaded FragShaderSrcPremultipliedAlphaBlend.frag (1216 bytes)
2026-09-14 01:38:51.448 [GLThread 21045] [ASSET] loaded FragShaderSrcColorBlend.frag (7737 bytes)
2026-09-14 01:38:51.450 [GLThread 21045] [ASSET] loaded FragShaderSrcAlphaBlend.frag (2320 bytes)
2026-09-14 01:38:51.486 [GLThread 21045] [ASSET] loaded VertShaderSrcMaskedBlend.vert (688 bytes)
2026-09-14 01:38:51.488 [GLThread 21045] [ASSET] loaded FragShaderSrcMaskPremultipliedAlphaBlend.frag (1497 bytes)
2026-09-14 01:38:51.490 [GLThread 21045] [ASSET] loaded FragShaderSrcColorBlend.frag (7737 bytes)
2026-09-14 01:38:51.492 [GLThread 21045] [ASSET] loaded FragShaderSrcAlphaBlend.frag (2320 bytes)
2026-09-14 01:38:51.540 [GLThread 21045] [ASSET] loaded VertShaderSrcMaskedBlend.vert (688 bytes)
2026-09-14 01:38:51.543 [GLThread 21045] [ASSET] loaded FragShaderSrcMaskInvertedPremultipliedAlphaBlend.frag (1505 bytes)
2026-09-14 01:38:51.546 [GLThread 21045] [ASSET] loaded FragShaderSrcColorBlend.frag (7737 bytes)
2026-09-14 01:38:51.548 [GLThread 21045] [ASSET] loaded FragShaderSrcAlphaBlend.frag (2320 bytes)
2026-09-14 01:38:51.599 [GLThread 21045] [ASSET] loaded VertShaderSrcBlend.vert (633 bytes)
2026-09-14 01:38:51.601 [GLThread 21045] [ASSET] loaded FragShaderSrcBlend.frag (1170 bytes)
2026-09-14 01:38:51.604 [GLThread 21045] [ASSET] loaded FragShaderSrcColorBlend.frag (7737 bytes)
2026-09-14 01:38:51.606 [GLThread 21045] [ASSET] loaded FragShaderSrcAlphaBlend.frag (2320 bytes)
2026-09-14 01:38:51.643 [GLThread 21045] [ASSET] loaded VertShaderSrcMaskedBlend.vert (688 bytes)
2026-09-14 01:38:51.646 [GLThread 21045] [ASSET] loaded FragShaderSrcMaskBlend.frag (1450 bytes)
2026-09-14 01:38:51.648 [GLThread 21045] [ASSET] loaded FragShaderSrcColorBlend.frag (7737 bytes)
2026-09-14 01:38:51.651 [GLThread 21045] [ASSET] loaded FragShaderSrcAlphaBlend.frag (2320 bytes)
2026-09-14 01:38:51.700 [GLThread 21045] [ASSET] loaded VertShaderSrcMaskedBlend.vert (688 bytes)
2026-09-14 01:38:51.703 [GLThread 21045] [ASSET] loaded FragShaderSrcMaskInvertedBlend.frag (1458 bytes)
2026-09-14 01:38:51.705 [GLThread 21045] [ASSET] loaded FragShaderSrcColorBlend.frag (7737 bytes)
2026-09-14 01:38:51.708 [GLThread 21045] [ASSET] loaded FragShaderSrcAlphaBlend.frag (2320 bytes)
2026-09-14 01:38:51.756 [GLThread 21045] [ASSET] loaded VertShaderSrcBlend.vert (633 bytes)
2026-09-14 01:38:51.759 [GLThread 21045] [ASSET] loaded FragShaderSrcPremultipliedAlphaBlend.frag (1216 bytes)
2026-09-14 01:38:51.761 [GLThread 21045] [ASSET] loaded FragShaderSrcColorBlend.frag (7737 bytes)
2026-09-14 01:38:51.764 [GLThread 21045] [ASSET] loaded FragShaderSrcAlphaBlend.frag (2320 bytes)
2026-09-14 01:38:51.803 [GLThread 21045] [ASSET] loaded VertShaderSrcMaskedBlend.vert (688 bytes)
2026-09-14 01:38:51.805 [GLThread 21045] [ASSET] loaded FragShaderSrcMaskPremultipliedAlphaBlend.frag (1497 bytes)
2026-09-14 01:38:51.808 [GLThread 21045] [ASSET] loaded FragShaderSrcColorBlend.frag (7737 bytes)
2026-09-14 01:38:51.810 [GLThread 21045] [ASSET] loaded FragShaderSrcAlphaBlend.frag (2320 bytes)
2026-09-14 01:38:51.861 [GLThread 21045] [ASSET] loaded VertShaderSrcMaskedBlend.vert (688 bytes)
2026-09-14 01:38:51.864 [GLThread 21045] [ASSET] loaded FragShaderSrcMaskInvertedPremultipliedAlphaBlend.frag (1505 bytes)
2026-09-14 01:38:51.867 [GLThread 21045] [ASSET] loaded FragShaderSrcColorBlend.frag (7737 bytes)
2026-09-14 01:38:51.869 [GLThread 21045] [ASSET] loaded FragShaderSrcAlphaBlend.frag (2320 bytes)
2026-09-14 01:38:51.921 [GLThread 21045] [ASSET] loaded VertShaderSrcBlend.vert (633 bytes)
2026-09-14 01:38:51.923 [GLThread 21045] [ASSET] loaded FragShaderSrcBlend.frag (1170 bytes)
2026-09-14 01:38:51.926 [GLThread 21045] [ASSET] loaded FragShaderSrcColorBlend.frag (7737 bytes)
2026-09-14 01:38:51.928 [GLThread 21045] [ASSET] loaded FragShaderSrcAlphaBlend.frag (2320 bytes)
2026-09-14 01:38:51.971 [GLThread 21045] [ASSET] loaded VertShaderSrcMaskedBlend.vert (688 bytes)
2026-09-14 01:38:51.974 [GLThread 21045] [ASSET] loaded FragShaderSrcMaskBlend.frag (1450 bytes)
2026-09-14 01:38:51.976 [GLThread 21045] [ASSET] loaded FragShaderSrcColorBlend.frag (7737 bytes)
2026-09-14 01:38:51.979 [GLThread 21045] [ASSET] loaded FragShaderSrcAlphaBlend.frag (2320 bytes)
2026-09-14 01:38:52.033 [GLThread 21045] [ASSET] loaded VertShaderSrcMaskedBlend.vert (688 bytes)
2026-09-14 01:38:52.035 [GLThread 21045] [ASSET] loaded FragShaderSrcMaskInvertedBlend.frag (1458 bytes)
2026-09-14 01:38:52.038 [GLThread 21045] [ASSET] loaded FragShaderSrcColorBlend.frag (7737 bytes)
2026-09-14 01:38:52.040 [GLThread 21045] [ASSET] loaded FragShaderSrcAlphaBlend.frag (2320 bytes)
2026-09-14 01:38:52.095 [GLThread 21045] [ASSET] loaded VertShaderSrcBlend.vert (633 bytes)
2026-09-14 01:38:52.098 [GLThread 21045] [ASSET] loaded FragShaderSrcPremultipliedAlphaBlend.frag (1216 bytes)
2026-09-14 01:38:52.100 [GLThread 21045] [ASSET] loaded FragShaderSrcColorBlend.frag (7737 bytes)
2026-09-14 01:38:52.103 [GLThread 21045] [ASSET] loaded FragShaderSrcAlphaBlend.frag (2320 bytes)
2026-09-14 01:38:52.147 [GLThread 21045] [ASSET] loaded VertShaderSrcMaskedBlend.vert (688 bytes)
2026-09-14 01:38:52.150 [GLThread 21045] [ASSET] loaded FragShaderSrcMaskPremultipliedAlphaBlend.frag (1497 bytes)
2026-09-14 01:38:52.152 [GLThread 21045] [ASSET] loaded FragShaderSrcColorBlend.frag (7737 bytes)
2026-09-14 01:38:52.155 [GLThread 21045] [ASSET] loaded FragShaderSrcAlphaBlend.frag (2320 bytes)
2026-09-14 01:38:52.213 [GLThread 21045] [ASSET] loaded VertShaderSrcMaskedBlend.vert (688 bytes)
2026-09-14 01:38:52.216 [GLThread 21045] [ASSET] loaded FragShaderSrcMaskInvertedPremultipliedAlphaBlend.frag (1505 bytes)
2026-09-14 01:38:52.218 [GLThread 21045] [ASSET] loaded FragShaderSrcColorBlend.frag (7737 bytes)
2026-09-14 01:38:52.220 [GLThread 21045] [ASSET] loaded FragShaderSrcAlphaBlend.frag (2320 bytes)
2026-09-14 01:38:52.278 [GLThread 21045] [ASSET] loaded VertShaderSrcBlend.vert (633 bytes)
2026-09-14 01:38:52.281 [GLThread 21045] [ASSET] loaded FragShaderSrcBlend.frag (1170 bytes)
2026-09-14 01:38:52.284 [GLThread 21045] [ASSET] loaded FragShaderSrcColorBlend.frag (7737 bytes)
2026-09-14 01:38:52.286 [GLThread 21045] [ASSET] loaded FragShaderSrcAlphaBlend.frag (2320 bytes)
2026-09-14 01:38:52.328 [GLThread 21045] [ASSET] loaded VertShaderSrcMaskedBlend.vert (688 bytes)
2026-09-14 01:38:52.330 [GLThread 21045] [ASSET] loaded FragShaderSrcMaskBlend.frag (1450 bytes)
2026-09-14 01:38:52.333 [GLThread 21045] [ASSET] loaded FragShaderSrcColorBlend.frag (7737 bytes)
2026-09-14 01:38:52.336 [GLThread 21045] [ASSET] loaded FragShaderSrcAlphaBlend.frag (2320 bytes)
2026-09-14 01:38:52.389 [GLThread 21045] [ASSET] loaded VertShaderSrcMaskedBlend.vert (688 bytes)
2026-09-14 01:38:52.392 [GLThread 21045] [ASSET] loaded FragShaderSrcMaskInvertedBlend.frag (1458 bytes)
2026-09-14 01:38:52.394 [GLThread 21045] [ASSET] loaded FragShaderSrcColorBlend.frag (7737 bytes)
2026-09-14 01:38:52.397 [GLThread 21045] [ASSET] loaded FragShaderSrcAlphaBlend.frag (2320 bytes)
2026-09-14 01:38:52.449 [GLThread 21045] [ASSET] loaded VertShaderSrcBlend.vert (633 bytes)
2026-09-14 01:38:52.452 [GLThread 21045] [ASSET] loaded FragShaderSrcPremultipliedAlphaBlend.frag (1216 bytes)
2026-09-14 01:38:52.518 [GLThread 21045] [ASSET] loaded FragShaderSrcColorBlend.frag (7737 bytes)
2026-09-14 01:38:52.520 [GLThread 21045] [ASSET] loaded FragShaderSrcAlphaBlend.frag (2320 bytes)
2026-09-14 01:38:52.564 [GLThread 21045] [ASSET] loaded VertShaderSrcMaskedBlend.vert (688 bytes)
2026-09-14 01:38:52.566 [GLThread 21045] [ASSET] loaded FragShaderSrcMaskPremultipliedAlphaBlend.frag (1497 bytes)
2026-09-14 01:38:52.568 [GLThread 21045] [ASSET] loaded FragShaderSrcColorBlend.frag (7737 bytes)
2026-09-14 01:38:52.571 [GLThread 21045] [ASSET] loaded FragShaderSrcAlphaBlend.frag (2320 bytes)
2026-09-14 01:38:52.627 [GLThread 21045] [ASSET] loaded VertShaderSrcMaskedBlend.vert (688 bytes)
2026-09-14 01:38:52.630 [GLThread 21045] [ASSET] loaded FragShaderSrcMaskInvertedPremultipliedAlphaBlend.frag (1505 bytes)
2026-09-14 01:38:52.632 [GLThread 21045] [ASSET] loaded FragShaderSrcColorBlend.frag (7737 bytes)
2026-09-14 01:38:52.635 [GLThread 21045] [ASSET] loaded FragShaderSrcAlphaBlend.frag (2320 bytes)
2026-09-14 01:38:52.691 [GLThread 21045] [ASSET] loaded VertShaderSrcBlend.vert (633 bytes)
2026-09-14 01:38:52.694 [GLThread 21045] [ASSET] loaded FragShaderSrcBlend.frag (1170 bytes)
2026-09-14 01:38:52.696 [GLThread 21045] [ASSET] loaded FragShaderSrcColorBlend.frag (7737 bytes)
2026-09-14 01:38:52.698 [GLThread 21045] [ASSET] loaded FragShaderSrcAlphaBlend.frag (2320 bytes)
2026-09-14 01:38:52.739 [GLThread 21045] [ASSET] loaded VertShaderSrcMaskedBlend.vert (688 bytes)
2026-09-14 01:38:52.742 [GLThread 21045] [ASSET] loaded FragShaderSrcMaskBlend.frag (1450 bytes)
2026-09-14 01:38:52.745 [GLThread 21045] [ASSET] loaded FragShaderSrcColorBlend.frag (7737 bytes)
2026-09-14 01:38:52.747 [GLThread 21045] [ASSET] loaded FragShaderSrcAlphaBlend.frag (2320 bytes)
2026-09-14 01:38:52.800 [GLThread 21045] [ASSET] loaded VertShaderSrcMaskedBlend.vert (688 bytes)
2026-09-14 01:38:52.802 [GLThread 21045] [ASSET] loaded FragShaderSrcMaskInvertedBlend.frag (1458 bytes)
2026-09-14 01:38:52.805 [GLThread 21045] [ASSET] loaded FragShaderSrcColorBlend.frag (7737 bytes)
2026-09-14 01:38:52.807 [GLThread 21045] [ASSET] loaded FragShaderSrcAlphaBlend.frag (2320 bytes)
2026-09-14 01:38:52.862 [GLThread 21045] [ASSET] loaded VertShaderSrcBlend.vert (633 bytes)
2026-09-14 01:38:52.864 [GLThread 21045] [ASSET] loaded FragShaderSrcPremultipliedAlphaBlend.frag (1216 bytes)
2026-09-14 01:38:52.867 [GLThread 21045] [ASSET] loaded FragShaderSrcColorBlend.frag (7737 bytes)
2026-09-14 01:38:52.869 [GLThread 21045] [ASSET] loaded FragShaderSrcAlphaBlend.frag (2320 bytes)
2026-09-14 01:38:52.913 [GLThread 21045] [ASSET] loaded VertShaderSrcMaskedBlend.vert (688 bytes)
2026-09-14 01:38:52.916 [GLThread 21045] [ASSET] loaded FragShaderSrcMaskPremultipliedAlphaBlend.frag (1497 bytes)
2026-09-14 01:38:52.918 [GLThread 21045] [ASSET] loaded FragShaderSrcColorBlend.frag (7737 bytes)
2026-09-14 01:38:52.921 [GLThread 21045] [ASSET] loaded FragShaderSrcAlphaBlend.frag (2320 bytes)
2026-09-14 01:38:52.982 [GLThread 21045] [ASSET] loaded VertShaderSrcMaskedBlend.vert (688 bytes)
2026-09-14 01:38:52.984 [GLThread 21045] [ASSET] loaded FragShaderSrcMaskInvertedPremultipliedAlphaBlend.frag (1505 bytes)
2026-09-14 01:38:52.986 [GLThread 21045] [ASSET] loaded FragShaderSrcColorBlend.frag (7737 bytes)
2026-09-14 01:38:52.988 [GLThread 21045] [ASSET] loaded FragShaderSrcAlphaBlend.frag (2320 bytes)
2026-09-14 01:38:53.042 [GLThread 21045] [ASSET] loaded VertShaderSrcBlend.vert (633 bytes)
2026-09-14 01:38:53.044 [GLThread 21045] [ASSET] loaded FragShaderSrcBlend.frag (1170 bytes)
2026-09-14 01:38:53.046 [GLThread 21045] [ASSET] loaded FragShaderSrcColorBlend.frag (7737 bytes)
2026-09-14 01:38:53.049 [GLThread 21045] [ASSET] loaded FragShaderSrcAlphaBlend.frag (2320 bytes)
2026-09-14 01:38:53.090 [GLThread 21045] [ASSET] loaded VertShaderSrcMaskedBlend.vert (688 bytes)
2026-09-14 01:38:53.093 [GLThread 21045] [ASSET] loaded FragShaderSrcMaskBlend.frag (1450 bytes)
2026-09-14 01:38:53.096 [GLThread 21045] [ASSET] loaded FragShaderSrcColorBlend.frag (7737 bytes)
2026-09-14 01:38:53.098 [GLThread 21045] [ASSET] loaded FragShaderSrcAlphaBlend.frag (2320 bytes)
2026-09-14 01:38:53.151 [GLThread 21045] [ASSET] loaded VertShaderSrcMaskedBlend.vert (688 bytes)
2026-09-14 01:38:53.153 [GLThread 21045] [ASSET] loaded FragShaderSrcMaskInvertedBlend.frag (1458 bytes)
2026-09-14 01:38:53.156 [GLThread 21045] [ASSET] loaded FragShaderSrcColorBlend.frag (7737 bytes)
2026-09-14 01:38:53.158 [GLThread 21045] [ASSET] loaded FragShaderSrcAlphaBlend.frag (2320 bytes)
2026-09-14 01:38:53.214 [GLThread 21045] [ASSET] loaded VertShaderSrcBlend.vert (633 bytes)
2026-09-14 01:38:53.216 [GLThread 21045] [ASSET] loaded FragShaderSrcPremultipliedAlphaBlend.frag (1216 bytes)
2026-09-14 01:38:53.219 [GLThread 21045] [ASSET] loaded FragShaderSrcColorBlend.frag (7737 bytes)
2026-09-14 01:38:53.221 [GLThread 21045] [ASSET] loaded FragShaderSrcAlphaBlend.frag (2320 bytes)
2026-09-14 01:38:53.266 [GLThread 21045] [ASSET] loaded VertShaderSrcMaskedBlend.vert (688 bytes)
2026-09-14 01:38:53.268 [GLThread 21045] [ASSET] loaded FragShaderSrcMaskPremultipliedAlphaBlend.frag (1497 bytes)
2026-09-14 01:38:53.271 [GLThread 21045] [ASSET] loaded FragShaderSrcColorBlend.frag (7737 bytes)
2026-09-14 01:38:53.273 [GLThread 21045] [ASSET] loaded FragShaderSrcAlphaBlend.frag (2320 bytes)
2026-09-14 01:38:53.332 [GLThread 21045] [ASSET] loaded VertShaderSrcMaskedBlend.vert (688 bytes)
2026-09-14 01:38:53.335 [GLThread 21045] [ASSET] loaded FragShaderSrcMaskInvertedPremultipliedAlphaBlend.frag (1505 bytes)
2026-09-14 01:38:53.337 [GLThread 21045] [ASSET] loaded FragShaderSrcColorBlend.frag (7737 bytes)
2026-09-14 01:38:53.340 [GLThread 21045] [ASSET] loaded FragShaderSrcAlphaBlend.frag (2320 bytes)
2026-09-14 01:38:53.398 [GLThread 21045] [ASSET] loaded VertShaderSrcBlend.vert (633 bytes)
2026-09-14 01:38:53.401 [GLThread 21045] [ASSET] loaded FragShaderSrcBlend.frag (1170 bytes)
2026-09-14 01:38:53.404 [GLThread 21045] [ASSET] loaded FragShaderSrcColorBlend.frag (7737 bytes)
2026-09-14 01:38:53.407 [GLThread 21045] [ASSET] loaded FragShaderSrcAlphaBlend.frag (2320 bytes)
2026-09-14 01:38:53.449 [GLThread 21045] [ASSET] loaded VertShaderSrcMaskedBlend.vert (688 bytes)
2026-09-14 01:38:53.452 [GLThread 21045] [ASSET] loaded FragShaderSrcMaskBlend.frag (1450 bytes)
2026-09-14 01:38:53.455 [GLThread 21045] [ASSET] loaded FragShaderSrcColorBlend.frag (7737 bytes)
2026-09-14 01:38:53.457 [GLThread 21045] [ASSET] loaded FragShaderSrcAlphaBlend.frag (2320 bytes)
2026-09-14 01:38:53.526 [GLThread 21045] [ASSET] loaded VertShaderSrcMaskedBlend.vert (688 bytes)
2026-09-14 01:38:53.528 [GLThread 21045] [ASSET] loaded FragShaderSrcMaskInvertedBlend.frag (1458 bytes)
2026-09-14 01:38:53.531 [GLThread 21045] [ASSET] loaded FragShaderSrcColorBlend.frag (7737 bytes)
2026-09-14 01:38:53.534 [GLThread 21045] [ASSET] loaded FragShaderSrcAlphaBlend.frag (2320 bytes)
2026-09-14 01:38:53.590 [GLThread 21045] [ASSET] loaded VertShaderSrcBlend.vert (633 bytes)
2026-09-14 01:38:53.592 [GLThread 21045] [ASSET] loaded FragShaderSrcPremultipliedAlphaBlend.frag (1216 bytes)
2026-09-14 01:38:53.595 [GLThread 21045] [ASSET] loaded FragShaderSrcColorBlend.frag (7737 bytes)
2026-09-14 01:38:53.597 [GLThread 21045] [ASSET] loaded FragShaderSrcAlphaBlend.frag (2320 bytes)
2026-09-14 01:38:53.648 [GLThread 21045] [ASSET] loaded VertShaderSrcMaskedBlend.vert (688 bytes)
2026-09-14 01:38:53.651 [GLThread 21045] [ASSET] loaded FragShaderSrcMaskPremultipliedAlphaBlend.frag (1497 bytes)
2026-09-14 01:38:53.653 [GLThread 21045] [ASSET] loaded FragShaderSrcColorBlend.frag (7737 bytes)
2026-09-14 01:38:53.656 [GLThread 21045] [ASSET] loaded FragShaderSrcAlphaBlend.frag (2320 bytes)
2026-09-14 01:38:53.715 [GLThread 21045] [ASSET] loaded VertShaderSrcMaskedBlend.vert (688 bytes)
2026-09-14 01:38:53.718 [GLThread 21045] [ASSET] loaded FragShaderSrcMaskInvertedPremultipliedAlphaBlend.frag (1505 bytes)
2026-09-14 01:38:53.721 [GLThread 21045] [ASSET] loaded FragShaderSrcColorBlend.frag (7737 bytes)
2026-09-14 01:38:53.723 [GLThread 21045] [ASSET] loaded FragShaderSrcAlphaBlend.frag (2320 bytes)
2026-09-14 01:38:53.785 [GLThread 21045] [ASSET] loaded VertShaderSrcBlend.vert (633 bytes)
2026-09-14 01:38:53.787 [GLThread 21045] [ASSET] loaded FragShaderSrcBlend.frag (1170 bytes)
2026-09-14 01:38:53.790 [GLThread 21045] [ASSET] loaded FragShaderSrcColorBlend.frag (7737 bytes)
2026-09-14 01:38:53.793 [GLThread 21045] [ASSET] loaded FragShaderSrcAlphaBlend.frag (2320 bytes)
2026-09-14 01:38:53.832 [GLThread 21045] [ASSET] loaded VertShaderSrcMaskedBlend.vert (688 bytes)
2026-09-14 01:38:53.834 [GLThread 21045] [ASSET] loaded FragShaderSrcMaskBlend.frag (1450 bytes)
2026-09-14 01:38:53.837 [GLThread 21045] [ASSET] loaded FragShaderSrcColorBlend.frag (7737 bytes)
2026-09-14 01:38:53.839 [GLThread 21045] [ASSET] loaded FragShaderSrcAlphaBlend.frag (2320 bytes)
2026-09-14 01:38:53.905 [GLThread 21045] [ASSET] loaded VertShaderSrcMaskedBlend.vert (688 bytes)
2026-09-14 01:38:53.907 [GLThread 21045] [ASSET] loaded FragShaderSrcMaskInvertedBlend.frag (1458 bytes)
2026-09-14 01:38:53.909 [GLThread 21045] [ASSET] loaded FragShaderSrcColorBlend.frag (7737 bytes)
2026-09-14 01:38:53.911 [GLThread 21045] [ASSET] loaded FragShaderSrcAlphaBlend.frag (2320 bytes)
2026-09-14 01:38:53.962 [GLThread 21045] [ASSET] loaded VertShaderSrcBlend.vert (633 bytes)
2026-09-14 01:38:53.965 [GLThread 21045] [ASSET] loaded FragShaderSrcPremultipliedAlphaBlend.frag (1216 bytes)
2026-09-14 01:38:53.968 [GLThread 21045] [ASSET] loaded FragShaderSrcColorBlend.frag (7737 bytes)
2026-09-14 01:38:53.970 [GLThread 21045] [ASSET] loaded FragShaderSrcAlphaBlend.frag (2320 bytes)
2026-09-14 01:38:54.010 [GLThread 21045] [ASSET] loaded VertShaderSrcMaskedBlend.vert (688 bytes)
2026-09-14 01:38:54.013 [GLThread 21045] [ASSET] loaded FragShaderSrcMaskPremultipliedAlphaBlend.frag (1497 bytes)
2026-09-14 01:38:54.016 [GLThread 21045] [ASSET] loaded FragShaderSrcColorBlend.frag (7737 bytes)
2026-09-14 01:38:54.018 [GLThread 21045] [ASSET] loaded FragShaderSrcAlphaBlend.frag (2320 bytes)
2026-09-14 01:38:54.069 [GLThread 21045] [ASSET] loaded VertShaderSrcMaskedBlend.vert (688 bytes)
2026-09-14 01:38:54.072 [GLThread 21045] [ASSET] loaded FragShaderSrcMaskInvertedPremultipliedAlphaBlend.frag (1505 bytes)
2026-09-14 01:38:54.074 [GLThread 21045] [ASSET] loaded FragShaderSrcColorBlend.frag (7737 bytes)
2026-09-14 01:38:54.077 [GLThread 21045] [ASSET] loaded FragShaderSrcAlphaBlend.frag (2320 bytes)
2026-09-14 01:38:54.128 [GLThread 21045] [ASSET] loaded VertShaderSrcBlend.vert (633 bytes)
2026-09-14 01:38:54.130 [GLThread 21045] [ASSET] loaded FragShaderSrcBlend.frag (1170 bytes)
2026-09-14 01:38:54.133 [GLThread 21045] [ASSET] loaded FragShaderSrcColorBlend.frag (7737 bytes)
2026-09-14 01:38:54.136 [GLThread 21045] [ASSET] loaded FragShaderSrcAlphaBlend.frag (2320 bytes)
2026-09-14 01:38:54.173 [GLThread 21045] [ASSET] loaded VertShaderSrcMaskedBlend.vert (688 bytes)
2026-09-14 01:38:54.175 [GLThread 21045] [ASSET] loaded FragShaderSrcMaskBlend.frag (1450 bytes)
2026-09-14 01:38:54.177 [GLThread 21045] [ASSET] loaded FragShaderSrcColorBlend.frag (7737 bytes)
2026-09-14 01:38:54.179 [GLThread 21045] [ASSET] loaded FragShaderSrcAlphaBlend.frag (2320 bytes)
2026-09-14 01:38:54.222 [GLThread 21045] [ASSET] loaded VertShaderSrcMaskedBlend.vert (688 bytes)
2026-09-14 01:38:54.224 [GLThread 21045] [ASSET] loaded FragShaderSrcMaskInvertedBlend.frag (1458 bytes)
2026-09-14 01:38:54.226 [GLThread 21045] [ASSET] loaded FragShaderSrcColorBlend.frag (7737 bytes)
2026-09-14 01:38:54.228 [GLThread 21045] [ASSET] loaded FragShaderSrcAlphaBlend.frag (2320 bytes)
2026-09-14 01:38:54.278 [GLThread 21045] [ASSET] loaded VertShaderSrcBlend.vert (633 bytes)
2026-09-14 01:38:54.280 [GLThread 21045] [ASSET] loaded FragShaderSrcPremultipliedAlphaBlend.frag (1216 bytes)
2026-09-14 01:38:54.284 [GLThread 21045] [ASSET] loaded FragShaderSrcColorBlend.frag (7737 bytes)
2026-09-14 01:38:54.286 [GLThread 21045] [ASSET] loaded FragShaderSrcAlphaBlend.frag (2320 bytes)
2026-09-14 01:38:54.325 [GLThread 21045] [ASSET] loaded VertShaderSrcMaskedBlend.vert (688 bytes)
2026-09-14 01:38:54.328 [GLThread 21045] [ASSET] loaded FragShaderSrcMaskPremultipliedAlphaBlend.frag (1497 bytes)
2026-09-14 01:38:54.330 [GLThread 21045] [ASSET] loaded FragShaderSrcColorBlend.frag (7737 bytes)
2026-09-14 01:38:54.333 [GLThread 21045] [ASSET] loaded FragShaderSrcAlphaBlend.frag (2320 bytes)
2026-09-14 01:38:54.385 [GLThread 21045] [ASSET] loaded VertShaderSrcMaskedBlend.vert (688 bytes)
2026-09-14 01:38:54.387 [GLThread 21045] [ASSET] loaded FragShaderSrcMaskInvertedPremultipliedAlphaBlend.frag (1505 bytes)
2026-09-14 01:38:54.390 [GLThread 21045] [ASSET] loaded FragShaderSrcColorBlend.frag (7737 bytes)
2026-09-14 01:38:54.392 [GLThread 21045] [ASSET] loaded FragShaderSrcAlphaBlend.frag (2320 bytes)
2026-09-14 01:38:54.444 [GLThread 21045] [ASSET] loaded VertShaderSrcBlend.vert (633 bytes)
2026-09-14 01:38:54.446 [GLThread 21045] [ASSET] loaded FragShaderSrcBlend.frag (1170 bytes)
2026-09-14 01:38:54.449 [GLThread 21045] [ASSET] loaded FragShaderSrcColorBlend.frag (7737 bytes)
2026-09-14 01:38:54.452 [GLThread 21045] [ASSET] loaded FragShaderSrcAlphaBlend.frag (2320 bytes)
2026-09-14 01:38:54.489 [GLThread 21045] [ASSET] loaded VertShaderSrcMaskedBlend.vert (688 bytes)
2026-09-14 01:38:54.492 [GLThread 21045] [ASSET] loaded FragShaderSrcMaskBlend.frag (1450 bytes)
2026-09-14 01:38:54.494 [GLThread 21045] [ASSET] loaded FragShaderSrcColorBlend.frag (7737 bytes)
2026-09-14 01:38:54.497 [GLThread 21045] [ASSET] loaded FragShaderSrcAlphaBlend.frag (2320 bytes)
2026-09-14 01:38:54.545 [GLThread 21045] [ASSET] loaded VertShaderSrcMaskedBlend.vert (688 bytes)
2026-09-14 01:38:54.548 [GLThread 21045] [ASSET] loaded FragShaderSrcMaskInvertedBlend.frag (1458 bytes)
2026-09-14 01:38:54.551 [GLThread 21045] [ASSET] loaded FragShaderSrcColorBlend.frag (7737 bytes)
2026-09-14 01:38:54.554 [GLThread 21045] [ASSET] loaded FragShaderSrcAlphaBlend.frag (2320 bytes)
2026-09-14 01:38:54.603 [GLThread 21045] [ASSET] loaded VertShaderSrcBlend.vert (633 bytes)
2026-09-14 01:38:54.606 [GLThread 21045] [ASSET] loaded FragShaderSrcPremultipliedAlphaBlend.frag (1216 bytes)
2026-09-14 01:38:54.608 [GLThread 21045] [ASSET] loaded FragShaderSrcColorBlend.frag (7737 bytes)
2026-09-14 01:38:54.610 [GLThread 21045] [ASSET] loaded FragShaderSrcAlphaBlend.frag (2320 bytes)
2026-09-14 01:38:54.650 [GLThread 21045] [ASSET] loaded VertShaderSrcMaskedBlend.vert (688 bytes)
2026-09-14 01:38:54.653 [GLThread 21045] [ASSET] loaded FragShaderSrcMaskPremultipliedAlphaBlend.frag (1497 bytes)
2026-09-14 01:38:54.655 [GLThread 21045] [ASSET] loaded FragShaderSrcColorBlend.frag (7737 bytes)
2026-09-14 01:38:54.658 [GLThread 21045] [ASSET] loaded FragShaderSrcAlphaBlend.frag (2320 bytes)
2026-09-14 01:38:54.709 [GLThread 21045] [ASSET] loaded VertShaderSrcMaskedBlend.vert (688 bytes)
2026-09-14 01:38:54.711 [GLThread 21045] [ASSET] loaded FragShaderSrcMaskInvertedPremultipliedAlphaBlend.frag (1505 bytes)
2026-09-14 01:38:54.714 [GLThread 21045] [ASSET] loaded FragShaderSrcColorBlend.frag (7737 bytes)
2026-09-14 01:38:54.717 [GLThread 21045] [ASSET] loaded FragShaderSrcAlphaBlend.frag (2320 bytes)
2026-09-14 01:38:54.767 [GLThread 21045] [ASSET] loaded VertShaderSrcBlend.vert (633 bytes)
2026-09-14 01:38:54.770 [GLThread 21045] [ASSET] loaded FragShaderSrcBlend.frag (1170 bytes)
2026-09-14 01:38:54.772 [GLThread 21045] [ASSET] loaded FragShaderSrcColorBlend.frag (7737 bytes)
2026-09-14 01:38:54.775 [GLThread 21045] [ASSET] loaded FragShaderSrcAlphaBlend.frag (2320 bytes)
2026-09-14 01:38:54.813 [GLThread 21045] [ASSET] loaded VertShaderSrcMaskedBlend.vert (688 bytes)
2026-09-14 01:38:54.815 [GLThread 21045] [ASSET] loaded FragShaderSrcMaskBlend.frag (1450 bytes)
2026-09-14 01:38:54.818 [GLThread 21045] [ASSET] loaded FragShaderSrcColorBlend.frag (7737 bytes)
2026-09-14 01:38:54.820 [GLThread 21045] [ASSET] loaded FragShaderSrcAlphaBlend.frag (2320 bytes)
2026-09-14 01:38:54.870 [GLThread 21045] [ASSET] loaded VertShaderSrcMaskedBlend.vert (688 bytes)
2026-09-14 01:38:54.873 [GLThread 21045] [ASSET] loaded FragShaderSrcMaskInvertedBlend.frag (1458 bytes)
2026-09-14 01:38:54.875 [GLThread 21045] [ASSET] loaded FragShaderSrcColorBlend.frag (7737 bytes)
2026-09-14 01:38:54.878 [GLThread 21045] [ASSET] loaded FragShaderSrcAlphaBlend.frag (2320 bytes)
2026-09-14 01:38:54.927 [GLThread 21045] [ASSET] loaded VertShaderSrcBlend.vert (633 bytes)
2026-09-14 01:38:54.929 [GLThread 21045] [ASSET] loaded FragShaderSrcPremultipliedAlphaBlend.frag (1216 bytes)
2026-09-14 01:38:54.932 [GLThread 21045] [ASSET] loaded FragShaderSrcColorBlend.frag (7737 bytes)
2026-09-14 01:38:54.935 [GLThread 21045] [ASSET] loaded FragShaderSrcAlphaBlend.frag (2320 bytes)
2026-09-14 01:38:54.975 [GLThread 21045] [ASSET] loaded VertShaderSrcMaskedBlend.vert (688 bytes)
2026-09-14 01:38:54.977 [GLThread 21045] [ASSET] loaded FragShaderSrcMaskPremultipliedAlphaBlend.frag (1497 bytes)
2026-09-14 01:38:54.980 [GLThread 21045] [ASSET] loaded FragShaderSrcColorBlend.frag (7737 bytes)
2026-09-14 01:38:54.983 [GLThread 21045] [ASSET] loaded FragShaderSrcAlphaBlend.frag (2320 bytes)
2026-09-14 01:38:55.034 [GLThread 21045] [ASSET] loaded VertShaderSrcMaskedBlend.vert (688 bytes)
2026-09-14 01:38:55.036 [GLThread 21045] [ASSET] loaded FragShaderSrcMaskInvertedPremultipliedAlphaBlend.frag (1505 bytes)
2026-09-14 01:38:55.039 [GLThread 21045] [ASSET] loaded FragShaderSrcColorBlend.frag (7737 bytes)
2026-09-14 01:38:55.042 [GLThread 21045] [ASSET] loaded FragShaderSrcAlphaBlend.frag (2320 bytes)
2026-09-14 01:38:55.095 [GLThread 21045] [ASSET] loaded VertShaderSrcBlend.vert (633 bytes)
2026-09-14 01:38:55.097 [GLThread 21045] [ASSET] loaded FragShaderSrcBlend.frag (1170 bytes)
2026-09-14 01:38:55.100 [GLThread 21045] [ASSET] loaded FragShaderSrcColorBlend.frag (7737 bytes)
2026-09-14 01:38:55.103 [GLThread 21045] [ASSET] loaded FragShaderSrcAlphaBlend.frag (2320 bytes)
2026-09-14 01:38:55.140 [GLThread 21045] [ASSET] loaded VertShaderSrcMaskedBlend.vert (688 bytes)
2026-09-14 01:38:55.143 [GLThread 21045] [ASSET] loaded FragShaderSrcMaskBlend.frag (1450 bytes)
2026-09-14 01:38:55.145 [GLThread 21045] [ASSET] loaded FragShaderSrcColorBlend.frag (7737 bytes)
2026-09-14 01:38:55.148 [GLThread 21045] [ASSET] loaded FragShaderSrcAlphaBlend.frag (2320 bytes)
2026-09-14 01:38:55.198 [GLThread 21045] [ASSET] loaded VertShaderSrcMaskedBlend.vert (688 bytes)
2026-09-14 01:38:55.200 [GLThread 21045] [ASSET] loaded FragShaderSrcMaskInvertedBlend.frag (1458 bytes)
2026-09-14 01:38:55.203 [GLThread 21045] [ASSET] loaded FragShaderSrcColorBlend.frag (7737 bytes)
2026-09-14 01:38:55.205 [GLThread 21045] [ASSET] loaded FragShaderSrcAlphaBlend.frag (2320 bytes)
2026-09-14 01:38:55.255 [GLThread 21045] [ASSET] loaded VertShaderSrcBlend.vert (633 bytes)
2026-09-14 01:38:55.258 [GLThread 21045] [ASSET] loaded FragShaderSrcPremultipliedAlphaBlend.frag (1216 bytes)
2026-09-14 01:38:55.260 [GLThread 21045] [ASSET] loaded FragShaderSrcColorBlend.frag (7737 bytes)
2026-09-14 01:38:55.263 [GLThread 21045] [ASSET] loaded FragShaderSrcAlphaBlend.frag (2320 bytes)
2026-09-14 01:38:55.303 [GLThread 21045] [ASSET] loaded VertShaderSrcMaskedBlend.vert (688 bytes)
2026-09-14 01:38:55.305 [GLThread 21045] [ASSET] loaded FragShaderSrcMaskPremultipliedAlphaBlend.frag (1497 bytes)
2026-09-14 01:38:55.307 [GLThread 21045] [ASSET] loaded FragShaderSrcColorBlend.frag (7737 bytes)
2026-09-14 01:38:55.310 [GLThread 21045] [ASSET] loaded FragShaderSrcAlphaBlend.frag (2320 bytes)
2026-09-14 01:38:55.361 [GLThread 21045] [ASSET] loaded VertShaderSrcMaskedBlend.vert (688 bytes)
2026-09-14 01:38:55.364 [GLThread 21045] [ASSET] loaded FragShaderSrcMaskInvertedPremultipliedAlphaBlend.frag (1505 bytes)
2026-09-14 01:38:55.367 [GLThread 21045] [ASSET] loaded FragShaderSrcColorBlend.frag (7737 bytes)
2026-09-14 01:38:55.370 [GLThread 21045] [ASSET] loaded FragShaderSrcAlphaBlend.frag (2320 bytes)
2026-09-14 01:38:55.422 [GLThread 21045] [ASSET] loaded VertShaderSrcBlend.vert (633 bytes)
2026-09-14 01:38:55.424 [GLThread 21045] [ASSET] loaded FragShaderSrcBlend.frag (1170 bytes)
2026-09-14 01:38:55.427 [GLThread 21045] [ASSET] loaded FragShaderSrcColorBlend.frag (7737 bytes)
2026-09-14 01:38:55.429 [GLThread 21045] [ASSET] loaded FragShaderSrcAlphaBlend.frag (2320 bytes)
2026-09-14 01:38:55.467 [GLThread 21045] [ASSET] loaded VertShaderSrcMaskedBlend.vert (688 bytes)
2026-09-14 01:38:55.469 [GLThread 21045] [ASSET] loaded FragShaderSrcMaskBlend.frag (1450 bytes)
2026-09-14 01:38:55.472 [GLThread 21045] [ASSET] loaded FragShaderSrcColorBlend.frag (7737 bytes)
2026-09-14 01:38:55.474 [GLThread 21045] [ASSET] loaded FragShaderSrcAlphaBlend.frag (2320 bytes)
2026-09-14 01:38:55.525 [GLThread 21045] [ASSET] loaded VertShaderSrcMaskedBlend.vert (688 bytes)
2026-09-14 01:38:55.527 [GLThread 21045] [ASSET] loaded FragShaderSrcMaskInvertedBlend.frag (1458 bytes)
2026-09-14 01:38:55.530 [GLThread 21045] [ASSET] loaded FragShaderSrcColorBlend.frag (7737 bytes)
2026-09-14 01:38:55.533 [GLThread 21045] [ASSET] loaded FragShaderSrcAlphaBlend.frag (2320 bytes)
2026-09-14 01:38:55.582 [GLThread 21045] [ASSET] loaded VertShaderSrcBlend.vert (633 bytes)
2026-09-14 01:38:55.584 [GLThread 21045] [ASSET] loaded FragShaderSrcPremultipliedAlphaBlend.frag (1216 bytes)
2026-09-14 01:38:55.587 [GLThread 21045] [ASSET] loaded FragShaderSrcColorBlend.frag (7737 bytes)
2026-09-14 01:38:55.589 [GLThread 21045] [ASSET] loaded FragShaderSrcAlphaBlend.frag (2320 bytes)
2026-09-14 01:38:55.630 [GLThread 21045] [ASSET] loaded VertShaderSrcMaskedBlend.vert (688 bytes)
2026-09-14 01:38:55.632 [GLThread 21045] [ASSET] loaded FragShaderSrcMaskPremultipliedAlphaBlend.frag (1497 bytes)
2026-09-14 01:38:55.635 [GLThread 21045] [ASSET] loaded FragShaderSrcColorBlend.frag (7737 bytes)
2026-09-14 01:38:55.637 [GLThread 21045] [ASSET] loaded FragShaderSrcAlphaBlend.frag (2320 bytes)
2026-09-14 01:38:55.689 [GLThread 21045] [ASSET] loaded VertShaderSrcMaskedBlend.vert (688 bytes)
2026-09-14 01:38:55.692 [GLThread 21045] [ASSET] loaded FragShaderSrcMaskInvertedPremultipliedAlphaBlend.frag (1505 bytes)
2026-09-14 01:38:55.694 [GLThread 21045] [ASSET] loaded FragShaderSrcColorBlend.frag (7737 bytes)
2026-09-14 01:38:55.697 [GLThread 21045] [ASSET] loaded FragShaderSrcAlphaBlend.frag (2320 bytes)
2026-09-14 01:38:55.751 [GLThread 21045] [ASSET] loaded VertShaderSrcBlend.vert (633 bytes)
2026-09-14 01:38:55.753 [GLThread 21045] [ASSET] loaded FragShaderSrcBlend.frag (1170 bytes)
2026-09-14 01:38:55.756 [GLThread 21045] [ASSET] loaded FragShaderSrcColorBlend.frag (7737 bytes)
2026-09-14 01:38:55.759 [GLThread 21045] [ASSET] loaded FragShaderSrcAlphaBlend.frag (2320 bytes)
2026-09-14 01:38:55.800 [GLThread 21045] [ASSET] loaded VertShaderSrcMaskedBlend.vert (688 bytes)
2026-09-14 01:38:55.803 [GLThread 21045] [ASSET] loaded FragShaderSrcMaskBlend.frag (1450 bytes)
2026-09-14 01:38:55.806 [GLThread 21045] [ASSET] loaded FragShaderSrcColorBlend.frag (7737 bytes)
2026-09-14 01:38:55.808 [GLThread 21045] [ASSET] loaded FragShaderSrcAlphaBlend.frag (2320 bytes)
2026-09-14 01:38:55.860 [GLThread 21045] [ASSET] loaded VertShaderSrcMaskedBlend.vert (688 bytes)
2026-09-14 01:38:55.863 [GLThread 21045] [ASSET] loaded FragShaderSrcMaskInvertedBlend.frag (1458 bytes)
2026-09-14 01:38:55.866 [GLThread 21045] [ASSET] loaded FragShaderSrcColorBlend.frag (7737 bytes)
2026-09-14 01:38:55.868 [GLThread 21045] [ASSET] loaded FragShaderSrcAlphaBlend.frag (2320 bytes)
2026-09-14 01:38:55.919 [GLThread 21045] [ASSET] loaded VertShaderSrcBlend.vert (633 bytes)
2026-09-14 01:38:55.921 [GLThread 21045] [ASSET] loaded FragShaderSrcPremultipliedAlphaBlend.frag (1216 bytes)
2026-09-14 01:38:55.924 [GLThread 21045] [ASSET] loaded FragShaderSrcColorBlend.frag (7737 bytes)
2026-09-14 01:38:55.926 [GLThread 21045] [ASSET] loaded FragShaderSrcAlphaBlend.frag (2320 bytes)
2026-09-14 01:38:55.967 [GLThread 21045] [ASSET] loaded VertShaderSrcMaskedBlend.vert (688 bytes)
2026-09-14 01:38:55.969 [GLThread 21045] [ASSET] loaded FragShaderSrcMaskPremultipliedAlphaBlend.frag (1497 bytes)
2026-09-14 01:38:55.972 [GLThread 21045] [ASSET] loaded FragShaderSrcColorBlend.frag (7737 bytes)
2026-09-14 01:38:55.974 [GLThread 21045] [ASSET] loaded FragShaderSrcAlphaBlend.frag (2320 bytes)
2026-09-14 01:38:56.027 [GLThread 21045] [ASSET] loaded VertShaderSrcMaskedBlend.vert (688 bytes)
2026-09-14 01:38:56.030 [GLThread 21045] [ASSET] loaded FragShaderSrcMaskInvertedPremultipliedAlphaBlend.frag (1505 bytes)
2026-09-14 01:38:56.032 [GLThread 21045] [ASSET] loaded FragShaderSrcColorBlend.frag (7737 bytes)
2026-09-14 01:38:56.035 [GLThread 21045] [ASSET] loaded FragShaderSrcAlphaBlend.frag (2320 bytes)
2026-09-14 01:38:56.086 [GLThread 21045] [ASSET] loaded VertShaderSrcBlend.vert (633 bytes)
2026-09-14 01:38:56.088 [GLThread 21045] [ASSET] loaded FragShaderSrcBlend.frag (1170 bytes)
2026-09-14 01:38:56.090 [GLThread 21045] [ASSET] loaded FragShaderSrcColorBlend.frag (7737 bytes)
2026-09-14 01:38:56.093 [GLThread 21045] [ASSET] loaded FragShaderSrcAlphaBlend.frag (2320 bytes)
2026-09-14 01:38:56.129 [GLThread 21045] [ASSET] loaded VertShaderSrcMaskedBlend.vert (688 bytes)
2026-09-14 01:38:56.132 [GLThread 21045] [ASSET] loaded FragShaderSrcMaskBlend.frag (1450 bytes)
2026-09-14 01:38:56.134 [GLThread 21045] [ASSET] loaded FragShaderSrcColorBlend.frag (7737 bytes)
2026-09-14 01:38:56.136 [GLThread 21045] [ASSET] loaded FragShaderSrcAlphaBlend.frag (2320 bytes)
2026-09-14 01:38:56.185 [GLThread 21045] [ASSET] loaded VertShaderSrcMaskedBlend.vert (688 bytes)
2026-09-14 01:38:56.188 [GLThread 21045] [ASSET] loaded FragShaderSrcMaskInvertedBlend.frag (1458 bytes)
2026-09-14 01:38:56.190 [GLThread 21045] [ASSET] loaded FragShaderSrcColorBlend.frag (7737 bytes)
2026-09-14 01:38:56.193 [GLThread 21045] [ASSET] loaded FragShaderSrcAlphaBlend.frag (2320 bytes)
2026-09-14 01:38:56.241 [GLThread 21045] [ASSET] loaded VertShaderSrcBlend.vert (633 bytes)
2026-09-14 01:38:56.243 [GLThread 21045] [ASSET] loaded FragShaderSrcPremultipliedAlphaBlend.frag (1216 bytes)
2026-09-14 01:38:56.246 [GLThread 21045] [ASSET] loaded FragShaderSrcColorBlend.frag (7737 bytes)
2026-09-14 01:38:56.248 [GLThread 21045] [ASSET] loaded FragShaderSrcAlphaBlend.frag (2320 bytes)
2026-09-14 01:38:56.285 [GLThread 21045] [ASSET] loaded VertShaderSrcMaskedBlend.vert (688 bytes)
2026-09-14 01:38:56.287 [GLThread 21045] [ASSET] loaded FragShaderSrcMaskPremultipliedAlphaBlend.frag (1497 bytes)
2026-09-14 01:38:56.290 [GLThread 21045] [ASSET] loaded FragShaderSrcColorBlend.frag (7737 bytes)
2026-09-14 01:38:56.292 [GLThread 21045] [ASSET] loaded FragShaderSrcAlphaBlend.frag (2320 bytes)
2026-09-14 01:38:56.346 [GLThread 21045] [ASSET] loaded VertShaderSrcMaskedBlend.vert (688 bytes)
2026-09-14 01:38:56.348 [GLThread 21045] [ASSET] loaded FragShaderSrcMaskInvertedPremultipliedAlphaBlend.frag (1505 bytes)
2026-09-14 01:38:56.351 [GLThread 21045] [ASSET] loaded FragShaderSrcColorBlend.frag (7737 bytes)
2026-09-14 01:38:56.353 [GLThread 21045] [ASSET] loaded FragShaderSrcAlphaBlend.frag (2320 bytes)
2026-09-14 01:38:56.405 [GLThread 21045] [ASSET] loaded VertShaderSrcBlend.vert (633 bytes)
2026-09-14 01:38:56.407 [GLThread 21045] [ASSET] loaded FragShaderSrcBlend.frag (1170 bytes)
2026-09-14 01:38:56.410 [GLThread 21045] [ASSET] loaded FragShaderSrcColorBlend.frag (7737 bytes)
2026-09-14 01:38:56.412 [GLThread 21045] [ASSET] loaded FragShaderSrcAlphaBlend.frag (2320 bytes)
2026-09-14 01:38:56.450 [GLThread 21045] [ASSET] loaded VertShaderSrcMaskedBlend.vert (688 bytes)
2026-09-14 01:38:56.453 [GLThread 21045] [ASSET] loaded FragShaderSrcMaskBlend.frag (1450 bytes)
2026-09-14 01:38:56.455 [GLThread 21045] [ASSET] loaded FragShaderSrcColorBlend.frag (7737 bytes)
2026-09-14 01:38:56.458 [GLThread 21045] [ASSET] loaded FragShaderSrcAlphaBlend.frag (2320 bytes)
2026-09-14 01:38:56.508 [GLThread 21045] [ASSET] loaded VertShaderSrcMaskedBlend.vert (688 bytes)
2026-09-14 01:38:56.510 [GLThread 21045] [ASSET] loaded FragShaderSrcMaskInvertedBlend.frag (1458 bytes)
2026-09-14 01:38:56.513 [GLThread 21045] [ASSET] loaded FragShaderSrcColorBlend.frag (7737 bytes)
2026-09-14 01:38:56.516 [GLThread 21045] [ASSET] loaded FragShaderSrcAlphaBlend.frag (2320 bytes)
2026-09-14 01:38:56.565 [GLThread 21045] [ASSET] loaded VertShaderSrcBlend.vert (633 bytes)
2026-09-14 01:38:56.568 [GLThread 21045] [ASSET] loaded FragShaderSrcPremultipliedAlphaBlend.frag (1216 bytes)
2026-09-14 01:38:56.570 [GLThread 21045] [ASSET] loaded FragShaderSrcColorBlend.frag (7737 bytes)
2026-09-14 01:38:56.573 [GLThread 21045] [ASSET] loaded FragShaderSrcAlphaBlend.frag (2320 bytes)
2026-09-14 01:38:56.613 [GLThread 21045] [ASSET] loaded VertShaderSrcMaskedBlend.vert (688 bytes)
2026-09-14 01:38:56.616 [GLThread 21045] [ASSET] loaded FragShaderSrcMaskPremultipliedAlphaBlend.frag (1497 bytes)
2026-09-14 01:38:56.618 [GLThread 21045] [ASSET] loaded FragShaderSrcColorBlend.frag (7737 bytes)
2026-09-14 01:38:56.621 [GLThread 21045] [ASSET] loaded FragShaderSrcAlphaBlend.frag (2320 bytes)
2026-09-14 01:38:56.673 [GLThread 21045] [ASSET] loaded VertShaderSrcMaskedBlend.vert (688 bytes)
2026-09-14 01:38:56.676 [GLThread 21045] [ASSET] loaded FragShaderSrcMaskInvertedPremultipliedAlphaBlend.frag (1505 bytes)
2026-09-14 01:38:56.678 [GLThread 21045] [ASSET] loaded FragShaderSrcColorBlend.frag (7737 bytes)
2026-09-14 01:38:56.681 [GLThread 21045] [ASSET] loaded FragShaderSrcAlphaBlend.frag (2320 bytes)
2026-09-14 01:38:56.733 [GLThread 21045] [ASSET] loaded VertShaderSrcBlend.vert (633 bytes)
2026-09-14 01:38:56.735 [GLThread 21045] [ASSET] loaded FragShaderSrcBlend.frag (1170 bytes)
2026-09-14 01:38:56.737 [GLThread 21045] [ASSET] loaded FragShaderSrcColorBlend.frag (7737 bytes)
2026-09-14 01:38:56.740 [GLThread 21045] [ASSET] loaded FragShaderSrcAlphaBlend.frag (2320 bytes)
2026-09-14 01:38:56.778 [GLThread 21045] [ASSET] loaded VertShaderSrcMaskedBlend.vert (688 bytes)
2026-09-14 01:38:56.781 [GLThread 21045] [ASSET] loaded FragShaderSrcMaskBlend.frag (1450 bytes)
2026-09-14 01:38:56.784 [GLThread 21045] [ASSET] loaded FragShaderSrcColorBlend.frag (7737 bytes)
2026-09-14 01:38:56.786 [GLThread 21045] [ASSET] loaded FragShaderSrcAlphaBlend.frag (2320 bytes)
2026-09-14 01:38:56.838 [GLThread 21045] [ASSET] loaded VertShaderSrcMaskedBlend.vert (688 bytes)
2026-09-14 01:38:56.840 [GLThread 21045] [ASSET] loaded FragShaderSrcMaskInvertedBlend.frag (1458 bytes)
2026-09-14 01:38:56.842 [GLThread 21045] [ASSET] loaded FragShaderSrcColorBlend.frag (7737 bytes)
2026-09-14 01:38:56.845 [GLThread 21045] [ASSET] loaded FragShaderSrcAlphaBlend.frag (2320 bytes)
2026-09-14 01:38:56.901 [GLThread 21045] [ASSET] loaded VertShaderSrcBlend.vert (633 bytes)
2026-09-14 01:38:56.904 [GLThread 21045] [ASSET] loaded FragShaderSrcPremultipliedAlphaBlend.frag (1216 bytes)
2026-09-14 01:38:56.907 [GLThread 21045] [ASSET] loaded FragShaderSrcColorBlend.frag (7737 bytes)
2026-09-14 01:38:56.909 [GLThread 21045] [ASSET] loaded FragShaderSrcAlphaBlend.frag (2320 bytes)
2026-09-14 01:38:56.952 [GLThread 21045] [ASSET] loaded VertShaderSrcMaskedBlend.vert (688 bytes)
2026-09-14 01:38:56.954 [GLThread 21045] [ASSET] loaded FragShaderSrcMaskPremultipliedAlphaBlend.frag (1497 bytes)
2026-09-14 01:38:56.956 [GLThread 21045] [ASSET] loaded FragShaderSrcColorBlend.frag (7737 bytes)
2026-09-14 01:38:56.958 [GLThread 21045] [ASSET] loaded FragShaderSrcAlphaBlend.frag (2320 bytes)
2026-09-14 01:38:57.005 [GLThread 21045] [ASSET] loaded VertShaderSrcMaskedBlend.vert (688 bytes)
2026-09-14 01:38:57.007 [GLThread 21045] [ASSET] loaded FragShaderSrcMaskInvertedPremultipliedAlphaBlend.frag (1505 bytes)
2026-09-14 01:38:57.009 [GLThread 21045] [ASSET] loaded FragShaderSrcColorBlend.frag (7737 bytes)
2026-09-14 01:38:57.011 [GLThread 21045] [ASSET] loaded FragShaderSrcAlphaBlend.frag (2320 bytes)
2026-09-14 01:38:57.058 [GLThread 21045] [ASSET] loaded VertShaderSrcBlend.vert (633 bytes)
2026-09-14 01:38:57.060 [GLThread 21045] [ASSET] loaded FragShaderSrcBlend.frag (1170 bytes)
2026-09-14 01:38:57.062 [GLThread 21045] [ASSET] loaded FragShaderSrcColorBlend.frag (7737 bytes)
2026-09-14 01:38:57.064 [GLThread 21045] [ASSET] loaded FragShaderSrcAlphaBlend.frag (2320 bytes)
2026-09-14 01:38:57.114 [GLThread 21045] [ASSET] loaded VertShaderSrcMaskedBlend.vert (688 bytes)
2026-09-14 01:38:57.117 [GLThread 21045] [ASSET] loaded FragShaderSrcMaskBlend.frag (1450 bytes)
2026-09-14 01:38:57.119 [GLThread 21045] [ASSET] loaded FragShaderSrcColorBlend.frag (7737 bytes)
2026-09-14 01:38:57.121 [GLThread 21045] [ASSET] loaded FragShaderSrcAlphaBlend.frag (2320 bytes)
2026-09-14 01:38:57.182 [GLThread 21045] [ASSET] loaded VertShaderSrcMaskedBlend.vert (688 bytes)
2026-09-14 01:38:57.184 [GLThread 21045] [ASSET] loaded FragShaderSrcMaskInvertedBlend.frag (1458 bytes)
2026-09-14 01:38:57.186 [GLThread 21045] [ASSET] loaded FragShaderSrcColorBlend.frag (7737 bytes)
2026-09-14 01:38:57.188 [GLThread 21045] [ASSET] loaded FragShaderSrcAlphaBlend.frag (2320 bytes)
2026-09-14 01:38:57.250 [GLThread 21045] [ASSET] loaded VertShaderSrcBlend.vert (633 bytes)
2026-09-14 01:38:57.253 [GLThread 21045] [ASSET] loaded FragShaderSrcPremultipliedAlphaBlend.frag (1216 bytes)
2026-09-14 01:38:57.255 [GLThread 21045] [ASSET] loaded FragShaderSrcColorBlend.frag (7737 bytes)
2026-09-14 01:38:57.257 [GLThread 21045] [ASSET] loaded FragShaderSrcAlphaBlend.frag (2320 bytes)
2026-09-14 01:38:57.310 [GLThread 21045] [ASSET] loaded VertShaderSrcMaskedBlend.vert (688 bytes)
2026-09-14 01:38:57.312 [GLThread 21045] [ASSET] loaded FragShaderSrcMaskPremultipliedAlphaBlend.frag (1497 bytes)
2026-09-14 01:38:57.314 [GLThread 21045] [ASSET] loaded FragShaderSrcColorBlend.frag (7737 bytes)
2026-09-14 01:38:57.316 [GLThread 21045] [ASSET] loaded FragShaderSrcAlphaBlend.frag (2320 bytes)
2026-09-14 01:38:57.381 [GLThread 21045] [ASSET] loaded VertShaderSrcMaskedBlend.vert (688 bytes)
2026-09-14 01:38:57.383 [GLThread 21045] [ASSET] loaded FragShaderSrcMaskInvertedPremultipliedAlphaBlend.frag (1505 bytes)
2026-09-14 01:38:57.385 [GLThread 21045] [ASSET] loaded FragShaderSrcColorBlend.frag (7737 bytes)
2026-09-14 01:38:57.387 [GLThread 21045] [ASSET] loaded FragShaderSrcAlphaBlend.frag (2320 bytes)
2026-09-14 01:38:57.453 [GLThread 21045] [ASSET] loaded VertShaderSrcBlend.vert (633 bytes)
2026-09-14 01:38:57.455 [GLThread 21045] [ASSET] loaded FragShaderSrcBlend.frag (1170 bytes)
2026-09-14 01:38:57.463 [GLThread 21045] [ASSET] loaded FragShaderSrcColorBlend.frag (7737 bytes)
2026-09-14 01:38:57.466 [GLThread 21045] [ASSET] loaded FragShaderSrcAlphaBlend.frag (2320 bytes)
2026-09-14 01:38:57.525 [GLThread 21045] [ASSET] loaded VertShaderSrcMaskedBlend.vert (688 bytes)
2026-09-14 01:38:57.527 [GLThread 21045] [ASSET] loaded FragShaderSrcMaskBlend.frag (1450 bytes)
2026-09-14 01:38:57.529 [GLThread 21045] [ASSET] loaded FragShaderSrcColorBlend.frag (7737 bytes)
2026-09-14 01:38:57.532 [GLThread 21045] [ASSET] loaded FragShaderSrcAlphaBlend.frag (2320 bytes)
2026-09-14 01:38:57.602 [GLThread 21045] [ASSET] loaded VertShaderSrcMaskedBlend.vert (688 bytes)
2026-09-14 01:38:57.605 [GLThread 21045] [ASSET] loaded FragShaderSrcMaskInvertedBlend.frag (1458 bytes)
2026-09-14 01:38:57.607 [GLThread 21045] [ASSET] loaded FragShaderSrcColorBlend.frag (7737 bytes)
2026-09-14 01:38:57.610 [GLThread 21045] [ASSET] loaded FragShaderSrcAlphaBlend.frag (2320 bytes)
2026-09-14 01:38:57.685 [GLThread 21045] [ASSET] loaded VertShaderSrcBlend.vert (633 bytes)
2026-09-14 01:38:57.688 [GLThread 21045] [ASSET] loaded FragShaderSrcPremultipliedAlphaBlend.frag (1216 bytes)
2026-09-14 01:38:57.690 [GLThread 21045] [ASSET] loaded FragShaderSrcColorBlend.frag (7737 bytes)
2026-09-14 01:38:57.692 [GLThread 21045] [ASSET] loaded FragShaderSrcAlphaBlend.frag (2320 bytes)
2026-09-14 01:38:57.755 [GLThread 21045] [ASSET] loaded VertShaderSrcMaskedBlend.vert (688 bytes)
2026-09-14 01:38:57.757 [GLThread 21045] [ASSET] loaded FragShaderSrcMaskPremultipliedAlphaBlend.frag (1497 bytes)
2026-09-14 01:38:57.760 [GLThread 21045] [ASSET] loaded FragShaderSrcColorBlend.frag (7737 bytes)
2026-09-14 01:38:57.763 [GLThread 21045] [ASSET] loaded FragShaderSrcAlphaBlend.frag (2320 bytes)
2026-09-14 01:38:57.838 [GLThread 21045] [ASSET] loaded VertShaderSrcMaskedBlend.vert (688 bytes)
2026-09-14 01:38:57.841 [GLThread 21045] [ASSET] loaded FragShaderSrcMaskInvertedPremultipliedAlphaBlend.frag (1505 bytes)
2026-09-14 01:38:57.843 [GLThread 21045] [ASSET] loaded FragShaderSrcColorBlend.frag (7737 bytes)
2026-09-14 01:38:57.845 [GLThread 21045] [ASSET] loaded FragShaderSrcAlphaBlend.frag (2320 bytes)
2026-09-14 01:38:57.952 [GLThread 21045] [ASSET] loaded VertShaderSrcBlend.vert (633 bytes)
2026-09-14 01:38:57.954 [GLThread 21045] [ASSET] loaded FragShaderSrcBlend.frag (1170 bytes)
2026-09-14 01:38:57.956 [GLThread 21045] [ASSET] loaded FragShaderSrcColorBlend.frag (7737 bytes)
2026-09-14 01:38:57.958 [GLThread 21045] [ASSET] loaded FragShaderSrcAlphaBlend.frag (2320 bytes)
2026-09-14 01:38:58.010 [GLThread 21045] [ASSET] loaded VertShaderSrcMaskedBlend.vert (688 bytes)
2026-09-14 01:38:58.012 [GLThread 21045] [ASSET] loaded FragShaderSrcMaskBlend.frag (1450 bytes)
2026-09-14 01:38:58.015 [GLThread 21045] [ASSET] loaded FragShaderSrcColorBlend.frag (7737 bytes)
2026-09-14 01:38:58.017 [GLThread 21045] [ASSET] loaded FragShaderSrcAlphaBlend.frag (2320 bytes)
2026-09-14 01:38:58.083 [GLThread 21045] [ASSET] loaded VertShaderSrcMaskedBlend.vert (688 bytes)
2026-09-14 01:38:58.085 [GLThread 21045] [ASSET] loaded FragShaderSrcMaskInvertedBlend.frag (1458 bytes)
2026-09-14 01:38:58.088 [GLThread 21045] [ASSET] loaded FragShaderSrcColorBlend.frag (7737 bytes)
2026-09-14 01:38:58.090 [GLThread 21045] [ASSET] loaded FragShaderSrcAlphaBlend.frag (2320 bytes)
2026-09-14 01:38:58.159 [GLThread 21045] [ASSET] loaded VertShaderSrcBlend.vert (633 bytes)
2026-09-14 01:38:58.161 [GLThread 21045] [ASSET] loaded FragShaderSrcPremultipliedAlphaBlend.frag (1216 bytes)
2026-09-14 01:38:58.164 [GLThread 21045] [ASSET] loaded FragShaderSrcColorBlend.frag (7737 bytes)
2026-09-14 01:38:58.167 [GLThread 21045] [ASSET] loaded FragShaderSrcAlphaBlend.frag (2320 bytes)
2026-09-14 01:38:58.228 [GLThread 21045] [ASSET] loaded VertShaderSrcMaskedBlend.vert (688 bytes)
2026-09-14 01:38:58.230 [GLThread 21045] [ASSET] loaded FragShaderSrcMaskPremultipliedAlphaBlend.frag (1497 bytes)
2026-09-14 01:38:58.233 [GLThread 21045] [ASSET] loaded FragShaderSrcColorBlend.frag (7737 bytes)
2026-09-14 01:38:58.235 [GLThread 21045] [ASSET] loaded FragShaderSrcAlphaBlend.frag (2320 bytes)
2026-09-14 01:38:58.304 [GLThread 21045] [ASSET] loaded VertShaderSrcMaskedBlend.vert (688 bytes)
2026-09-14 01:38:58.306 [GLThread 21045] [ASSET] loaded FragShaderSrcMaskInvertedPremultipliedAlphaBlend.frag (1505 bytes)
2026-09-14 01:38:58.308 [GLThread 21045] [ASSET] loaded FragShaderSrcColorBlend.frag (7737 bytes)
2026-09-14 01:38:58.311 [GLThread 21045] [ASSET] loaded FragShaderSrcAlphaBlend.frag (2320 bytes)
2026-09-14 01:38:58.378 [GLThread 21045] [ASSET] loaded VertShaderSrcBlend.vert (633 bytes)
2026-09-14 01:38:58.380 [GLThread 21045] [ASSET] loaded FragShaderSrcBlend.frag (1170 bytes)
2026-09-14 01:38:58.383 [GLThread 21045] [ASSET] loaded FragShaderSrcColorBlend.frag (7737 bytes)
2026-09-14 01:38:58.386 [GLThread 21045] [ASSET] loaded FragShaderSrcAlphaBlend.frag (2320 bytes)
2026-09-14 01:38:58.443 [GLThread 21045] [ASSET] loaded VertShaderSrcMaskedBlend.vert (688 bytes)
2026-09-14 01:38:58.445 [GLThread 21045] [ASSET] loaded FragShaderSrcMaskBlend.frag (1450 bytes)
2026-09-14 01:38:58.447 [GLThread 21045] [ASSET] loaded FragShaderSrcColorBlend.frag (7737 bytes)
2026-09-14 01:38:58.449 [GLThread 21045] [ASSET] loaded FragShaderSrcAlphaBlend.frag (2320 bytes)
2026-09-14 01:38:58.518 [GLThread 21045] [ASSET] loaded VertShaderSrcMaskedBlend.vert (688 bytes)
2026-09-14 01:38:58.520 [GLThread 21045] [ASSET] loaded FragShaderSrcMaskInvertedBlend.frag (1458 bytes)
2026-09-14 01:38:58.522 [GLThread 21045] [ASSET] loaded FragShaderSrcColorBlend.frag (7737 bytes)
2026-09-14 01:38:58.524 [GLThread 21045] [ASSET] loaded FragShaderSrcAlphaBlend.frag (2320 bytes)
2026-09-14 01:38:58.590 [GLThread 21045] [ASSET] loaded VertShaderSrcBlend.vert (633 bytes)
2026-09-14 01:38:58.593 [GLThread 21045] [ASSET] loaded FragShaderSrcPremultipliedAlphaBlend.frag (1216 bytes)
2026-09-14 01:38:58.596 [GLThread 21045] [ASSET] loaded FragShaderSrcColorBlend.frag (7737 bytes)
2026-09-14 01:38:58.598 [GLThread 21045] [ASSET] loaded FragShaderSrcAlphaBlend.frag (2320 bytes)
2026-09-14 01:38:58.655 [GLThread 21045] [ASSET] loaded VertShaderSrcMaskedBlend.vert (688 bytes)
2026-09-14 01:38:58.658 [GLThread 21045] [ASSET] loaded FragShaderSrcMaskPremultipliedAlphaBlend.frag (1497 bytes)
2026-09-14 01:38:58.660 [GLThread 21045] [ASSET] loaded FragShaderSrcColorBlend.frag (7737 bytes)
2026-09-14 01:38:58.663 [GLThread 21045] [ASSET] loaded FragShaderSrcAlphaBlend.frag (2320 bytes)
2026-09-14 01:38:58.738 [GLThread 21045] [ASSET] loaded VertShaderSrcMaskedBlend.vert (688 bytes)
2026-09-14 01:38:58.740 [GLThread 21045] [ASSET] loaded FragShaderSrcMaskInvertedPremultipliedAlphaBlend.frag (1505 bytes)
2026-09-14 01:38:58.742 [GLThread 21045] [ASSET] loaded FragShaderSrcColorBlend.frag (7737 bytes)
2026-09-14 01:38:58.744 [GLThread 21045] [ASSET] loaded FragShaderSrcAlphaBlend.frag (2320 bytes)
2026-09-14 01:38:58.815 [GLThread 21045] [ASSET] loaded VertShaderSrcBlend.vert (633 bytes)
2026-09-14 01:38:58.817 [GLThread 21045] [ASSET] loaded FragShaderSrcBlend.frag (1170 bytes)
2026-09-14 01:38:58.819 [GLThread 21045] [ASSET] loaded FragShaderSrcColorBlend.frag (7737 bytes)
2026-09-14 01:38:58.821 [GLThread 21045] [ASSET] loaded FragShaderSrcAlphaBlend.frag (2320 bytes)
2026-09-14 01:38:58.878 [GLThread 21045] [ASSET] loaded VertShaderSrcMaskedBlend.vert (688 bytes)
2026-09-14 01:38:58.880 [GLThread 21045] [ASSET] loaded FragShaderSrcMaskBlend.frag (1450 bytes)
2026-09-14 01:38:58.883 [GLThread 21045] [ASSET] loaded FragShaderSrcColorBlend.frag (7737 bytes)
2026-09-14 01:38:58.886 [GLThread 21045] [ASSET] loaded FragShaderSrcAlphaBlend.frag (2320 bytes)
2026-09-14 01:38:58.978 [GLThread 21045] [ASSET] loaded VertShaderSrcMaskedBlend.vert (688 bytes)
2026-09-14 01:38:58.982 [GLThread 21045] [ASSET] loaded FragShaderSrcMaskInvertedBlend.frag (1458 bytes)
2026-09-14 01:38:58.984 [GLThread 21045] [ASSET] loaded FragShaderSrcColorBlend.frag (7737 bytes)
2026-09-14 01:38:58.987 [GLThread 21045] [ASSET] loaded FragShaderSrcAlphaBlend.frag (2320 bytes)
2026-09-14 01:38:59.060 [GLThread 21045] [ASSET] loaded VertShaderSrcBlend.vert (633 bytes)
2026-09-14 01:38:59.064 [GLThread 21045] [ASSET] loaded FragShaderSrcPremultipliedAlphaBlend.frag (1216 bytes)
2026-09-14 01:38:59.066 [GLThread 21045] [ASSET] loaded FragShaderSrcColorBlend.frag (7737 bytes)
2026-09-14 01:38:59.069 [GLThread 21045] [ASSET] loaded FragShaderSrcAlphaBlend.frag (2320 bytes)
2026-09-14 01:38:59.135 [GLThread 21045] [ASSET] loaded VertShaderSrcMaskedBlend.vert (688 bytes)
2026-09-14 01:38:59.138 [GLThread 21045] [ASSET] loaded FragShaderSrcMaskPremultipliedAlphaBlend.frag (1497 bytes)
2026-09-14 01:38:59.140 [GLThread 21045] [ASSET] loaded FragShaderSrcColorBlend.frag (7737 bytes)
2026-09-14 01:38:59.143 [GLThread 21045] [ASSET] loaded FragShaderSrcAlphaBlend.frag (2320 bytes)
2026-09-14 01:38:59.218 [GLThread 21045] [ASSET] loaded VertShaderSrcMaskedBlend.vert (688 bytes)
2026-09-14 01:38:59.220 [GLThread 21045] [ASSET] loaded FragShaderSrcMaskInvertedPremultipliedAlphaBlend.frag (1505 bytes)
2026-09-14 01:38:59.224 [GLThread 21045] [ASSET] loaded FragShaderSrcColorBlend.frag (7737 bytes)
2026-09-14 01:38:59.226 [GLThread 21045] [ASSET] loaded FragShaderSrcAlphaBlend.frag (2320 bytes)
2026-09-14 01:38:59.311 [GLThread 21045] [ASSET] loaded VertShaderSrcBlend.vert (633 bytes)
2026-09-14 01:38:59.313 [GLThread 21045] [ASSET] loaded FragShaderSrcBlend.frag (1170 bytes)
2026-09-14 01:38:59.316 [GLThread 21045] [ASSET] loaded FragShaderSrcColorBlend.frag (7737 bytes)
2026-09-14 01:38:59.318 [GLThread 21045] [ASSET] loaded FragShaderSrcAlphaBlend.frag (2320 bytes)
2026-09-14 01:38:59.365 [GLThread 21045] [ASSET] loaded VertShaderSrcMaskedBlend.vert (688 bytes)
2026-09-14 01:38:59.368 [GLThread 21045] [ASSET] loaded FragShaderSrcMaskBlend.frag (1450 bytes)
2026-09-14 01:38:59.370 [GLThread 21045] [ASSET] loaded FragShaderSrcColorBlend.frag (7737 bytes)
2026-09-14 01:38:59.373 [GLThread 21045] [ASSET] loaded FragShaderSrcAlphaBlend.frag (2320 bytes)
2026-09-14 01:38:59.430 [GLThread 21045] [ASSET] loaded VertShaderSrcMaskedBlend.vert (688 bytes)
2026-09-14 01:38:59.433 [GLThread 21045] [ASSET] loaded FragShaderSrcMaskInvertedBlend.frag (1458 bytes)
2026-09-14 01:38:59.435 [GLThread 21045] [ASSET] loaded FragShaderSrcColorBlend.frag (7737 bytes)
2026-09-14 01:38:59.437 [GLThread 21045] [ASSET] loaded FragShaderSrcAlphaBlend.frag (2320 bytes)
2026-09-14 01:38:59.495 [GLThread 21045] [ASSET] loaded VertShaderSrcBlend.vert (633 bytes)
2026-09-14 01:38:59.497 [GLThread 21045] [ASSET] loaded FragShaderSrcPremultipliedAlphaBlend.frag (1216 bytes)
2026-09-14 01:38:59.500 [GLThread 21045] [ASSET] loaded FragShaderSrcColorBlend.frag (7737 bytes)
2026-09-14 01:38:59.502 [GLThread 21045] [ASSET] loaded FragShaderSrcAlphaBlend.frag (2320 bytes)
2026-09-14 01:38:59.558 [GLThread 21045] [ASSET] loaded VertShaderSrcMaskedBlend.vert (688 bytes)
2026-09-14 01:38:59.561 [GLThread 21045] [ASSET] loaded FragShaderSrcMaskPremultipliedAlphaBlend.frag (1497 bytes)
2026-09-14 01:38:59.563 [GLThread 21045] [ASSET] loaded FragShaderSrcColorBlend.frag (7737 bytes)
2026-09-14 01:38:59.566 [GLThread 21045] [ASSET] loaded FragShaderSrcAlphaBlend.frag (2320 bytes)
2026-09-14 01:38:59.632 [GLThread 21045] [ASSET] loaded VertShaderSrcMaskedBlend.vert (688 bytes)
2026-09-14 01:38:59.635 [GLThread 21045] [ASSET] loaded FragShaderSrcMaskInvertedPremultipliedAlphaBlend.frag (1505 bytes)
2026-09-14 01:38:59.638 [GLThread 21045] [ASSET] loaded FragShaderSrcColorBlend.frag (7737 bytes)
2026-09-14 01:38:59.640 [GLThread 21045] [ASSET] loaded FragShaderSrcAlphaBlend.frag (2320 bytes)
2026-09-14 01:38:59.709 [GLThread 21045] [ASSET] loaded VertShaderSrcBlend.vert (633 bytes)
2026-09-14 01:38:59.712 [GLThread 21045] [ASSET] loaded FragShaderSrcBlend.frag (1170 bytes)
2026-09-14 01:38:59.716 [GLThread 21045] [ASSET] loaded FragShaderSrcColorBlend.frag (7737 bytes)
2026-09-14 01:38:59.719 [GLThread 21045] [ASSET] loaded FragShaderSrcAlphaBlend.frag (2320 bytes)
2026-09-14 01:38:59.772 [GLThread 21045] [ASSET] loaded VertShaderSrcMaskedBlend.vert (688 bytes)
2026-09-14 01:38:59.774 [GLThread 21045] [ASSET] loaded FragShaderSrcMaskBlend.frag (1450 bytes)
2026-09-14 01:38:59.776 [GLThread 21045] [ASSET] loaded FragShaderSrcColorBlend.frag (7737 bytes)
2026-09-14 01:38:59.778 [GLThread 21045] [ASSET] loaded FragShaderSrcAlphaBlend.frag (2320 bytes)
2026-09-14 01:38:59.839 [GLThread 21045] [ASSET] loaded VertShaderSrcMaskedBlend.vert (688 bytes)
2026-09-14 01:38:59.842 [GLThread 21045] [ASSET] loaded FragShaderSrcMaskInvertedBlend.frag (1458 bytes)
2026-09-14 01:38:59.844 [GLThread 21045] [ASSET] loaded FragShaderSrcColorBlend.frag (7737 bytes)
2026-09-14 01:38:59.846 [GLThread 21045] [ASSET] loaded FragShaderSrcAlphaBlend.frag (2320 bytes)
2026-09-14 01:38:59.909 [GLThread 21045] [ASSET] loaded VertShaderSrcBlend.vert (633 bytes)
2026-09-14 01:38:59.911 [GLThread 21045] [ASSET] loaded FragShaderSrcPremultipliedAlphaBlend.frag (1216 bytes)
2026-09-14 01:38:59.915 [GLThread 21045] [ASSET] loaded FragShaderSrcColorBlend.frag (7737 bytes)
2026-09-14 01:38:59.917 [GLThread 21045] [ASSET] loaded FragShaderSrcAlphaBlend.frag (2320 bytes)
2026-09-14 01:38:59.973 [GLThread 21045] [ASSET] loaded VertShaderSrcMaskedBlend.vert (688 bytes)
2026-09-14 01:38:59.975 [GLThread 21045] [ASSET] loaded FragShaderSrcMaskPremultipliedAlphaBlend.frag (1497 bytes)
2026-09-14 01:38:59.977 [GLThread 21045] [ASSET] loaded FragShaderSrcColorBlend.frag (7737 bytes)
2026-09-14 01:38:59.982 [GLThread 21045] [ASSET] loaded FragShaderSrcAlphaBlend.frag (2320 bytes)
2026-09-14 01:39:00.060 [GLThread 21045] [ASSET] loaded VertShaderSrcMaskedBlend.vert (688 bytes)
2026-09-14 01:39:00.065 [GLThread 21045] [ASSET] loaded FragShaderSrcMaskInvertedPremultipliedAlphaBlend.frag (1505 bytes)
2026-09-14 01:39:00.068 [GLThread 21045] [ASSET] loaded FragShaderSrcColorBlend.frag (7737 bytes)
2026-09-14 01:39:00.071 [GLThread 21045] [ASSET] loaded FragShaderSrcAlphaBlend.frag (2320 bytes)
2026-09-14 01:39:00.144 [GLThread 21045] [ASSET] loaded VertShaderSrcBlend.vert (633 bytes)
2026-09-14 01:39:00.147 [GLThread 21045] [ASSET] loaded FragShaderSrcBlend.frag (1170 bytes)
2026-09-14 01:39:00.149 [GLThread 21045] [ASSET] loaded FragShaderSrcColorBlend.frag (7737 bytes)
2026-09-14 01:39:00.150 [GLThread 21045] [ASSET] loaded FragShaderSrcAlphaBlend.frag (2320 bytes)
2026-09-14 01:39:00.195 [GLThread 21045] [ASSET] loaded VertShaderSrcMaskedBlend.vert (688 bytes)
2026-09-14 01:39:00.197 [GLThread 21045] [ASSET] loaded FragShaderSrcMaskBlend.frag (1450 bytes)
2026-09-14 01:39:00.199 [GLThread 21045] [ASSET] loaded FragShaderSrcColorBlend.frag (7737 bytes)
2026-09-14 01:39:00.200 [GLThread 21045] [ASSET] loaded FragShaderSrcAlphaBlend.frag (2320 bytes)
2026-09-14 01:39:00.260 [GLThread 21045] [ASSET] loaded VertShaderSrcMaskedBlend.vert (688 bytes)
2026-09-14 01:39:00.264 [GLThread 21045] [ASSET] loaded FragShaderSrcMaskInvertedBlend.frag (1458 bytes)
2026-09-14 01:39:00.266 [GLThread 21045] [ASSET] loaded FragShaderSrcColorBlend.frag (7737 bytes)
2026-09-14 01:39:00.270 [GLThread 21045] [ASSET] loaded FragShaderSrcAlphaBlend.frag (2320 bytes)
2026-09-14 01:39:00.331 [GLThread 21045] [ASSET] loaded VertShaderSrcBlend.vert (633 bytes)
2026-09-14 01:39:00.333 [GLThread 21045] [ASSET] loaded FragShaderSrcPremultipliedAlphaBlend.frag (1216 bytes)
2026-09-14 01:39:00.335 [GLThread 21045] [ASSET] loaded FragShaderSrcColorBlend.frag (7737 bytes)
2026-09-14 01:39:00.337 [GLThread 21045] [ASSET] loaded FragShaderSrcAlphaBlend.frag (2320 bytes)
2026-09-14 01:39:00.392 [GLThread 21045] [ASSET] loaded VertShaderSrcMaskedBlend.vert (688 bytes)
2026-09-14 01:39:00.395 [GLThread 21045] [ASSET] loaded FragShaderSrcMaskPremultipliedAlphaBlend.frag (1497 bytes)
2026-09-14 01:39:00.398 [GLThread 21045] [ASSET] loaded FragShaderSrcColorBlend.frag (7737 bytes)
2026-09-14 01:39:00.400 [GLThread 21045] [ASSET] loaded FragShaderSrcAlphaBlend.frag (2320 bytes)
2026-09-14 01:39:00.464 [GLThread 21045] [ASSET] loaded VertShaderSrcMaskedBlend.vert (688 bytes)
2026-09-14 01:39:00.466 [GLThread 21045] [ASSET] loaded FragShaderSrcMaskInvertedPremultipliedAlphaBlend.frag (1505 bytes)
2026-09-14 01:39:00.468 [GLThread 21045] [ASSET] loaded FragShaderSrcColorBlend.frag (7737 bytes)
2026-09-14 01:39:00.472 [GLThread 21045] [ASSET] loaded FragShaderSrcAlphaBlend.frag (2320 bytes)
2026-09-14 01:39:00.540 [GLThread 21045] [ASSET] loaded VertShaderSrcBlend.vert (633 bytes)
2026-09-14 01:39:00.542 [GLThread 21045] [ASSET] loaded FragShaderSrcBlend.frag (1170 bytes)
2026-09-14 01:39:00.545 [GLThread 21045] [ASSET] loaded FragShaderSrcColorBlend.frag (7737 bytes)
2026-09-14 01:39:00.548 [GLThread 21045] [ASSET] loaded FragShaderSrcAlphaBlend.frag (2320 bytes)
2026-09-14 01:39:00.604 [GLThread 21045] [ASSET] loaded VertShaderSrcMaskedBlend.vert (688 bytes)
2026-09-14 01:39:00.606 [GLThread 21045] [ASSET] loaded FragShaderSrcMaskBlend.frag (1450 bytes)
2026-09-14 01:39:00.608 [GLThread 21045] [ASSET] loaded FragShaderSrcColorBlend.frag (7737 bytes)
2026-09-14 01:39:00.610 [GLThread 21045] [ASSET] loaded FragShaderSrcAlphaBlend.frag (2320 bytes)
2026-09-14 01:39:00.685 [GLThread 21045] [ASSET] loaded VertShaderSrcMaskedBlend.vert (688 bytes)
2026-09-14 01:39:00.688 [GLThread 21045] [ASSET] loaded FragShaderSrcMaskInvertedBlend.frag (1458 bytes)
2026-09-14 01:39:00.692 [GLThread 21045] [ASSET] loaded FragShaderSrcColorBlend.frag (7737 bytes)
2026-09-14 01:39:00.694 [GLThread 21045] [ASSET] loaded FragShaderSrcAlphaBlend.frag (2320 bytes)
2026-09-14 01:39:00.765 [GLThread 21045] [ASSET] loaded VertShaderSrcBlend.vert (633 bytes)
2026-09-14 01:39:00.767 [GLThread 21045] [ASSET] loaded FragShaderSrcPremultipliedAlphaBlend.frag (1216 bytes)
2026-09-14 01:39:00.769 [GLThread 21045] [ASSET] loaded FragShaderSrcColorBlend.frag (7737 bytes)
2026-09-14 01:39:00.772 [GLThread 21045] [ASSET] loaded FragShaderSrcAlphaBlend.frag (2320 bytes)
2026-09-14 01:39:00.831 [GLThread 21045] [ASSET] loaded VertShaderSrcMaskedBlend.vert (688 bytes)
2026-09-14 01:39:00.833 [GLThread 21045] [ASSET] loaded FragShaderSrcMaskPremultipliedAlphaBlend.frag (1497 bytes)
2026-09-14 01:39:00.835 [GLThread 21045] [ASSET] loaded FragShaderSrcColorBlend.frag (7737 bytes)
2026-09-14 01:39:00.838 [GLThread 21045] [ASSET] loaded FragShaderSrcAlphaBlend.frag (2320 bytes)
2026-09-14 01:39:00.906 [GLThread 21045] [ASSET] loaded VertShaderSrcMaskedBlend.vert (688 bytes)
2026-09-14 01:39:00.908 [GLThread 21045] [ASSET] loaded FragShaderSrcMaskInvertedPremultipliedAlphaBlend.frag (1505 bytes)
2026-09-14 01:39:00.910 [GLThread 21045] [ASSET] loaded FragShaderSrcColorBlend.frag (7737 bytes)
2026-09-14 01:39:00.914 [GLThread 21045] [ASSET] loaded FragShaderSrcAlphaBlend.frag (2320 bytes)
2026-09-14 01:39:00.985 [GLThread 21045] [ASSET] loaded VertShaderSrcBlend.vert (633 bytes)
2026-09-14 01:39:00.987 [GLThread 21045] [ASSET] loaded FragShaderSrcBlend.frag (1170 bytes)
2026-09-14 01:39:00.990 [GLThread 21045] [ASSET] loaded FragShaderSrcColorBlend.frag (7737 bytes)
2026-09-14 01:39:00.992 [GLThread 21045] [ASSET] loaded FragShaderSrcAlphaBlend.frag (2320 bytes)
2026-09-14 01:39:01.046 [GLThread 21045] [ASSET] loaded VertShaderSrcMaskedBlend.vert (688 bytes)
2026-09-14 01:39:01.049 [GLThread 21045] [ASSET] loaded FragShaderSrcMaskBlend.frag (1450 bytes)
2026-09-14 01:39:01.052 [GLThread 21045] [ASSET] loaded FragShaderSrcColorBlend.frag (7737 bytes)
2026-09-14 01:39:01.055 [GLThread 21045] [ASSET] loaded FragShaderSrcAlphaBlend.frag (2320 bytes)
2026-09-14 01:39:01.140 [GLThread 21045] [ASSET] loaded VertShaderSrcMaskedBlend.vert (688 bytes)
2026-09-14 01:39:01.142 [GLThread 21045] [ASSET] loaded FragShaderSrcMaskInvertedBlend.frag (1458 bytes)
2026-09-14 01:39:01.144 [GLThread 21045] [ASSET] loaded FragShaderSrcColorBlend.frag (7737 bytes)
2026-09-14 01:39:01.148 [GLThread 21045] [ASSET] loaded FragShaderSrcAlphaBlend.frag (2320 bytes)
2026-09-14 01:39:01.228 [GLThread 21045] [ASSET] loaded VertShaderSrcBlend.vert (633 bytes)
2026-09-14 01:39:01.231 [GLThread 21045] [ASSET] loaded FragShaderSrcPremultipliedAlphaBlend.frag (1216 bytes)
2026-09-14 01:39:01.234 [GLThread 21045] [ASSET] loaded FragShaderSrcColorBlend.frag (7737 bytes)
2026-09-14 01:39:01.237 [GLThread 21045] [ASSET] loaded FragShaderSrcAlphaBlend.frag (2320 bytes)
2026-09-14 01:39:01.302 [GLThread 21045] [ASSET] loaded VertShaderSrcMaskedBlend.vert (688 bytes)
2026-09-14 01:39:01.305 [GLThread 21045] [ASSET] loaded FragShaderSrcMaskPremultipliedAlphaBlend.frag (1497 bytes)
2026-09-14 01:39:01.307 [GLThread 21045] [ASSET] loaded FragShaderSrcColorBlend.frag (7737 bytes)
2026-09-14 01:39:01.309 [GLThread 21045] [ASSET] loaded FragShaderSrcAlphaBlend.frag (2320 bytes)
2026-09-14 01:39:01.388 [GLThread 21045] [ASSET] loaded VertShaderSrcMaskedBlend.vert (688 bytes)
2026-09-14 01:39:01.390 [GLThread 21045] [ASSET] loaded FragShaderSrcMaskInvertedPremultipliedAlphaBlend.frag (1505 bytes)
2026-09-14 01:39:01.392 [GLThread 21045] [ASSET] loaded FragShaderSrcColorBlend.frag (7737 bytes)
2026-09-14 01:39:01.395 [GLThread 21045] [ASSET] loaded FragShaderSrcAlphaBlend.frag (2320 bytes)
2026-09-14 01:39:01.480 [GLThread 21045] [MODEL] renderer created
2026-09-14 01:39:01.496 [GLThread 21045] [ASSET] loaded koharu/koharu.2048/texture_00.png (1429360 bytes)
2026-09-14 01:39:02.008 [GLThread 21045] [TEXTURE] loaded koharu/koharu.2048/texture_00.png (2048x2048, channels=4, GL id=1)
2026-09-14 01:39:02.010 [GLThread 21045] [MODEL] CubismModel created successfully
2026-09-14 01:39:02.012 [GLThread 21045] [MODEL] SetRenderTargetSize 720x1520, model count=1
2026-09-14 01:39:02.014 [GLThread 21045] [GL] first frame: view=0x7bc2d72ca0 size=720x1520 GL_VERSION=OpenGL ES 3.2 V@269.0 (GIT@50c84eb, Ia11ce2d146) (Date:09/14/20) GLSL=OpenGL ES GLSL ES 3.20 renderer=Adreno (TM) 506 vendor=Qualcomm
2026-09-14 01:39:02.025 [GLThread 21045] [APP]start motion: [Idle_0]
2026-09-14 01:39:02.322 [GLThread 21045] [APP]start motion: [Tap_0]
2026-09-14 01:39:02.331 [GLThread 21045] Motion Began: c2d78900
2026-09-14 01:39:05.316 [GLThread 21045] Motion Finished: c2d78900
2026-09-14 01:39:05.333 [GLThread 21045] [APP]start motion: [Idle_1]
2026-09-14 01:39:06.955 [GLThread 21045] [APP]start motion: [Tap_1]
2026-09-14 01:39:06.967 [GLThread 21045] Motion Began: c2d78cc0
2026-09-14 01:39:09.233 [GLThread 21045] [APP]can't start motion.
2026-09-14 01:39:10.101 [GLThread 21045] [APP]can't start motion.
2026-09-14 01:39:10.268 [GLThread 21045] [APP]can't start motion.
2026-09-14 01:39:10.383 [GLThread 21045] [APP]can't start motion.
2026-09-14 01:39:10.550 [GLThread 21045] [APP]can't start motion.
2026-09-14 01:39:10.685 [GLThread 21045] [APP]can't start motion.
2026-09-14 01:39:10.816 [GLThread 21045] [APP]can't start motion.
2026-09-14 01:39:10.958 [GLThread 21045] [APP]can't start motion.
2026-09-14 01:39:10.962 [GLThread 21045] Motion Finished: c2d78cc0
2026-09-14 01:39:10.979 [GLThread 21045] [APP]start motion: [Idle_1]
2026-09-14 01:39:11.093 [GLThread 21045] [APP]start motion: [Tap_3]
2026-09-14 01:39:11.096 [GLThread 21045] Motion Began: c2d78e40
2026-09-14 01:39:11.201 [GLThread 21045] [APP]can't start motion.
2026-09-14 01:39:14.036 [GLThread 21045] [APP]can't start motion.
2026-09-14 01:39:15.676 [GLThread 21045] Motion Finished: c2d78e40
2026-09-14 01:39:15.693 [GLThread 21045] [APP]start motion: [Idle_1]
2026-09-14 01:39:20.483 [GLThread 21045] [APP]start motion: [Tap_1]
2026-09-14 01:39:20.492 [GLThread 21045] Motion Began: c2d78cc0
2026-09-14 01:39:24.507 [GLThread 21045] Motion Finished: c2d78cc0
2026-09-14 01:39:24.524 [GLThread 21045] [APP]start motion: [Idle_1]
2026-09-14 01:39:26.161 [GLThread 21045] [APP]start motion: [Tap_0]
2026-09-14 01:39:26.172 [GLThread 21045] Motion Began: c2d78900
2026-09-14 01:39:29.154 [GLThread 21045] Motion Finished: c2d78900
2026-09-14 01:39:29.171 [GLThread 21045] [APP]start motion: [Idle_2]
2026-09-14 01:39:31.110 [GLThread 21045] [APP]start motion: [Tap_2]
2026-09-14 01:39:31.119 [GLThread 21045] Motion Began: c2d78d80
2026-09-14 01:39:34.069 [GLThread 21045] Motion Finished: c2d78d80
2026-09-14 01:39:34.085 [GLThread 21045] [APP]start motion: [Idle_0]
2026-09-14 01:39:41.365 [GLThread 21045] [APP]start motion: [Idle_1]
2026-09-14 01:39:47.079 [GLThread 21045] [APP]start motion: [Idle_1]
2026-09-14 01:39:52.793 [GLThread 21045] [APP]start motion: [Idle_0]
2026-09-14 01:39:55.746 [GLThread 21045] [APP]start motion: [Tap_0]
2026-09-14 01:39:55.757 [GLThread 21045] Motion Began: c2d78900
2026-09-14 01:39:58.196 [GLThread 21045] [APP]can't start motion.
2026-09-14 01:39:58.739 [GLThread 21045] Motion Finished: c2d78900
2026-09-14 01:39:58.755 [GLThread 21045] [APP]start motion: [Idle_2]
2026-09-14 01:40:01.276 [GLThread 21045] [APP]start motion: [Tap_0]
2026-09-14 01:40:01.288 [GLThread 21045] Motion Began: c2d78900
2026-09-14 01:40:01.295 [GLThread 21045] [APP]can't start motion.
2026-09-14 01:40:04.272 [GLThread 21045] Motion Finished: c2d78900
2026-09-14 01:40:04.288 [GLThread 21045] [APP]start motion: [Idle_2]
2026-09-14 01:40:05.542 [GLThread 21045] [APP]start motion: [Tap_3]
2026-09-14 01:40:05.554 [GLThread 21045] Motion Began: c2d78e40
2026-09-14 01:40:10.131 [GLThread 21045] Motion Finished: c2d78e40
2026-09-14 01:40:10.147 [GLThread 21045] [APP]start motion: [Idle_0]
2026-09-14 01:40:11.336 [GLThread 21045] [APP]start motion: [Tap_0]
2026-09-14 01:40:11.349 [GLThread 21045] Motion Began: c2d78900
2026-09-14 01:40:12.337 [GLThread 21045] [APP]can't start motion.
2026-09-14 01:40:12.964 [GLThread 21045] [APP]can't start motion.
2026-09-14 01:40:13.705 [GLThread 21045] [APP]can't start motion.
2026-09-14 01:40:13.905 [GLThread 21045] [APP]can't start motion.
2026-09-14 01:40:14.087 [GLThread 21045] [APP]can't start motion.
2026-09-14 01:40:14.236 [GLThread 21045] [APP]can't start motion.
2026-09-14 01:40:14.315 [GLThread 21045] Motion Finished: c2d78900
2026-09-14 01:40:14.333 [GLThread 21045] [APP]start motion: [Idle_1]
2026-09-14 01:40:14.388 [GLThread 21045] [APP]start motion: [Tap_3]
2026-09-14 01:40:14.389 [GLThread 21045] [APP]can't start motion.
2026-09-14 01:40:14.397 [GLThread 21045] Motion Began: c2d78e40
2026-09-14 01:40:14.538 [GLThread 21045] [APP]can't start motion.
2026-09-14 01:40:14.723 [GLThread 21045] [APP]can't start motion.
2026-09-14 01:40:14.904 [GLThread 21045] [APP]can't start motion.
2026-09-14 01:40:15.073 [GLThread 21045] [APP]can't start motion.
2026-09-14 01:40:15.075 [GLThread 21045] [APP]can't start motion.
2026-09-14 01:40:16.303 [GLThread 21045] [APP]can't start motion.
2026-09-14 01:40:16.304 [GLThread 21045] [APP]can't start motion.
2026-09-14 01:40:17.651 [GLThread 21045] [APP]can't start motion.
2026-09-14 01:40:17.653 [GLThread 21045] [APP]can't start motion.
2026-09-14 01:40:18.979 [GLThread 21045] Motion Finished: c2d78e40
2026-09-14 01:40:18.997 [GLThread 21045] [APP]start motion: [Idle_0]
2026-09-14 01:40:20.439 [main] [JAVA] MainActivity.onPause
2026-09-14 01:40:20.441 [main] [JAVA] Live2DView.pause
2026-09-14 01:40:20.588 [main] [LIFECYCLE] OnPause
2026-09-14 01:40:20.675 [main] [JAVA] MainActivity.onStop
2026-09-14 01:40:20.676 [main] [JAVA] Live2DView.stop
2026-09-14 01:40:20.678 [main] [LIFECYCLE] OnStop
2026-09-14 01:40:20.680 [main] [CSM][I]CubismFramework::Dispose() is complete.

